publication_year,total_papers,single_author_papers,multi_author_papers,valid_address_papers,cross_institution_papers,cross_institution_rate,cross_country_papers,cross_country_rate,valid_keyword_papers,valid_keyword_rate,avg_authors,single_rate,valid_address_rate,col_cross_country_rate,col_cross_institution_rate
1966,668,607,61,380,6,0.008982036,3,0.004491018,0,0,1.128742515,0.908682635,0.568862275,0.049180328,0.098360656
1967,864,758,106,434,4,0.00462963,1,0.001157407,0,0,1.173611111,0.877314815,0.502314815,0.009433962,0.037735849
1968,870,738,132,350,15,0.017241379,3,0.003448276,0,0,1.225287356,0.848275862,0.402298851,0.022727273,0.113636364
1969,802,718,84,245,3,0.003740648,1,0.001246883,0,0,1.120947631,0.895261845,0.305486284,0.011904762,0.035714286
1970,850,720,130,283,5,0.005882353,0,0,0,0,1.204705882,0.847058824,0.332941176,0,0.038461538
1971,744,626,118,203,2,0.002688172,1,0.001344086,0,0,1.204301075,0.841397849,0.272849462,0.008474576,0.016949153
1972,801,675,126,270,8,0.009987516,1,0.001248439,0,0,1.225967541,0.842696629,0.337078652,0.007936508,0.063492063
1973,916,746,170,752,10,0.010917031,5,0.005458515,0,0,1.231441048,0.81441048,0.820960699,0.029411765,0.058823529
1974,888,715,173,680,27,0.030405405,12,0.013513514,0,0,1.28490991,0.80518018,0.765765766,0.069364162,0.156069364
1975,1102,898,204,902,24,0.021778584,20,0.01814882,0,0,1.253176044,0.814882033,0.818511797,0.098039216,0.117647059
1976,1205,995,210,946,13,0.010788382,11,0.009128631,0,0,1.209128631,0.825726141,0.785062241,0.052380952,0.061904762
1977,1339,1062,277,951,21,0.015683346,11,0.008215086,0,0,1.269604182,0.793129201,0.710231516,0.039711191,0.075812274
1978,1679,1346,333,186,2,0.001191185,1,0.000595593,0,0,1.288266825,0.801667659,0.110780226,0.003003003,0.006006006
1979,1673,1329,344,189,7,0.0041841,2,0.001195457,17,0.010161387,1.283323371,0.794381351,0.112970711,0.005813953,0.020348837
1980,1631,1278,353,177,13,0.00797057,2,0.001226242,19,0.011649295,1.287553648,0.783568363,0.108522379,0.005665722,0.036827195
1981,1595,1255,340,185,12,0.007523511,0,0,20,0.012539185,1.289655172,0.786833856,0.115987461,0,0.035294118
1982,1586,1228,358,220,18,0.011349306,5,0.003152585,23,0.014501892,1.29445145,0.774274905,0.138713745,0.01396648,0.05027933
1983,1584,1235,349,246,8,0.005050505,2,0.001262626,20,0.012626263,1.285984848,0.779671717,0.15530303,0.005730659,0.022922636
1984,1660,1298,362,258,2,0.001204819,1,0.00060241,0,0,1.278915663,0.781927711,0.155421687,0.002762431,0.005524862
1985,1631,1226,405,266,12,0.007357449,10,0.006131208,0,0,1.321888412,0.751686082,0.163090129,0.024691358,0.02962963
1986,1625,1224,401,283,6,0.003692308,3,0.001846154,0,0,1.313846154,0.753230769,0.174153846,0.007481297,0.014962594
1987,1727,1287,440,301,1,0.000579039,1,0.000579039,0,0,1.367110596,0.74522293,0.174290677,0.002272727,0.002272727
1988,1651,1196,455,291,6,0.003634161,4,0.002422774,0,0,1.364627498,0.724409449,0.176256814,0.008791209,0.013186813
1989,1631,1223,408,281,4,0.002452483,3,0.001839362,0,0,1.353157572,0.74984672,0.172286941,0.007352941,0.009803922
1990,2052,1590,462,280,15,0.007309942,5,0.002436647,38,0.018518519,1.330896686,0.774853801,0.136452242,0.010822511,0.032467532
1991,2039,1515,524,345,23,0.011280039,10,0.004904365,106,0.051986268,1.387444826,0.74301128,0.169200589,0.019083969,0.04389313
1992,1967,1450,517,355,21,0.010676157,5,0.002541942,125,0.063548551,1.382816472,0.737163193,0.180477885,0.00967118,0.040618956
1993,1972,1368,604,352,25,0.012677485,8,0.004056795,133,0.067444219,1.471602434,0.693711968,0.178498986,0.013245033,0.041390728
1994,2473,1586,887,478,21,0.00849171,11,0.004448039,216,0.087343308,1.672462596,0.641326324,0.193287505,0.012401353,0.02367531
1995,2396,1664,732,416,7,0.002921536,4,0.001669449,199,0.083055092,1.4778798,0.694490818,0.173622705,0.005464481,0.009562842
1996,2325,1537,788,429,6,0.002580645,2,0.000860215,240,0.103225806,1.607311828,0.661075269,0.184516129,0.002538071,0.007614213
1997,2295,1401,894,590,8,0.003485839,3,0.00130719,238,0.103703704,1.744662309,0.610457516,0.25708061,0.003355705,0.008948546
1998,2277,1322,955,1429,30,0.013175231,6,0.002635046,268,0.117698726,1.798418972,0.580588494,0.627580149,0.006282723,0.031413613
1999,2290,1293,997,1401,34,0.014847162,12,0.005240175,354,0.154585153,1.831004367,0.564628821,0.611790393,0.012036108,0.034102307
2000,2246,1262,984,1385,31,0.013802315,6,0.002671416,445,0.198130009,1.820569902,0.561887801,0.616651825,0.006097561,0.031504065
2001,2337,1262,1075,1380,36,0.015404365,9,0.003851091,448,0.191698759,1.897304236,0.540008558,0.590500642,0.008372093,0.033488372
2002,2400,1321,1079,1388,30,0.0125,12,0.005,525,0.21875,1.8875,0.550416667,0.578333333,0.011121409,0.027803522
2003,2315,1271,1044,1313,29,0.012526998,5,0.002159827,670,0.289416847,1.890280778,0.549028078,0.567170626,0.004789272,0.027777778
2004,2182,1134,1048,1250,29,0.013290559,8,0.003666361,809,0.37076077,1.934463795,0.519706691,0.572868928,0.007633588,0.027671756
2005,2596,1243,1353,1415,41,0.015793529,7,0.002696456,911,0.350924499,2.046224961,0.478813559,0.545069337,0.005173688,0.03030303
2006,2510,999,1511,1383,48,0.019123506,13,0.005179283,1039,0.413944223,2.231474104,0.398007968,0.550996016,0.008603574,0.031767042
2007,2696,1107,1589,1568,202,0.074925816,74,0.027448071,1156,0.428783383,2.197700297,0.410608309,0.581602374,0.04657017,0.127123977
2008,2702,1049,1653,2460,931,0.344559585,334,0.123612139,1340,0.495928942,2.244263509,0.38823094,0.910436714,0.202056866,0.563218391
2009,2916,992,1924,2759,1167,0.400205761,406,0.139231824,1522,0.521947874,2.399862826,0.340192044,0.946159122,0.211018711,0.606548857
2010,3079,1035,2044,2913,1240,0.402728158,443,0.143877882,1845,0.599220526,2.376420916,0.3361481,0.946086392,0.216731898,0.60665362
2011,3222,967,2255,3070,1339,0.415580385,538,0.166977033,1941,0.602420857,2.546865301,0.300124146,0.952824333,0.238580931,0.593791574
2012,3340,951,2389,3201,1449,0.433832335,552,0.165269461,2232,0.668263473,2.667065868,0.284730539,0.958383234,0.231059021,0.606529929
2013,3540,1014,2526,3384,1584,0.447457627,661,0.186723164,2499,0.705932203,2.683615819,0.286440678,0.955932203,0.261678543,0.627078385
2014,3672,963,2709,3538,1768,0.481481481,777,0.211601307,2579,0.702342048,2.819172113,0.262254902,0.963507625,0.286821705,0.65263935
2015,3757,927,2830,3623,1818,0.483896726,781,0.207878627,2902,0.772424807,2.814213468,0.24673942,0.964333245,0.275971731,0.642402827
2016,4027,945,3082,3932,2026,0.503104048,945,0.234666004,3236,0.803575863,2.846535883,0.234666004,0.976409238,0.306619079,0.657365347
2017,3929,843,3086,3854,2073,0.527615169,974,0.247900229,2954,0.751845253,2.937897684,0.214558412,0.980911173,0.315618924,0.671743357
2018,3855,801,3054,3791,2086,0.541115435,966,0.250583658,3052,0.791699092,2.965758755,0.207782101,0.983398184,0.316306483,0.683038638
2019,3987,791,3196,3934,2280,0.57185854,1076,0.269877101,3186,0.799097065,3.054677703,0.198394783,0.986706797,0.336670839,0.71339174
2020,4235,705,3530,4189,2477,0.584887839,1185,0.279811098,3525,0.832349469,3.181109799,0.166469894,0.989138135,0.335694051,0.701699717
2021,4767,755,4012,4738,2900,0.608349066,1386,0.290748899,4221,0.885462555,3.37675687,0.158380533,0.993916509,0.345463609,0.722831505
2022,4637,646,3991,4609,2856,0.615915463,1268,0.273452663,4056,0.874703472,3.36251887,0.139314212,0.993961613,0.317714858,0.715610123
2023,4806,642,4164,4781,3039,0.632334582,1369,0.284852268,4376,0.910528506,3.46275489,0.133583021,0.994798169,0.328770413,0.729827089
2024,5226,749,4477,5181,3247,0.621316494,1457,0.278798316,4740,0.907003444,3.57347876,0.143321852,0.991389208,0.325441144,0.725262453
2025,3390,411,2979,3375,2150,0.634218289,976,0.287905605,3054,0.900884956,3.592920354,0.121238938,0.995575221,0.32762672,0.721718698
