step,removed_count,removed_frac,lcc_ratio,pair_ratio,num_components,eff_ratio,cap_in_lcc_ratio,cap_remaining_ratio
0,0,0.0,1.0,1.0,1,1.0002471146833796,1.0,1.0
1,1162,0.02000034424000413,0.9897774402710439,0.9796594249113753,137,0.9459256044483318,0.9945165111392503,1.0
2,2324,0.04000068848000826,0.9675798820024534,0.9362116367874723,455,0.9250840290284733,0.9868384321428078,1.0
3,3486,0.06000103272001239,0.9502891524037619,0.9030507538889117,688,0.8774822140658084,0.9788330979778711,1.0
4,4648,0.08000137696001652,0.9431625679070039,0.8895587973045953,770,0.8385915415333892,0.9731883392790452,1.0
5,5810,0.10000172120002065,0.9325311057888895,0.8696172352728989,925,0.8327669253727432,0.967201550202389,1.0
6,6972,0.12000206544002479,0.8999357439102751,0.809886508071398,1400,0.7679349566582843,0.951502418733205,1.0
7,8134,0.14000240968002892,0.85186050587067,0.7256793014044673,1955,0.6879653411627582,0.9297696576301068,1.0
8,9296,0.16000275392003305,0.841754775395759,0.7085638361616516,2107,0.6564132492151572,0.9234169463477568,1.0
9,10458,0.18000309816003718,0.8303055084993283,0.6894205459415071,2260,0.6465411785975107,0.9172025561740884,1.0
10,11620,0.2000034424000413,0.8197324610082365,0.6719775383713086,2383,0.6114663817893414,0.9114678887546196,1.0
11,12782,0.22000378664004544,0.808224779484783,0.6532438739835358,2557,0.6031000444672546,0.904992574671393,1.0
12,13944,0.24000413088004957,0.7976517319936912,0.6362718620700095,2679,0.5919480148086901,0.901708705804834,1.0
13,15106,0.2600044751200537,0.7857351480810795,0.6174037054938845,2830,0.5805023926344899,0.8959925859885747,1.0
14,16268,0.28000481936005783,0.7480577136514983,0.5596113420089326,3331,0.49792725984802394,0.8683770910064873,1.0
15,17430,0.30000516360006196,0.7097961329516911,0.5038332764782042,3842,0.4489541299955273,0.8413456883424227,1.0
16,18592,0.3200055078400661,0.6658683334306911,0.4434047678224689,4423,0.4058082108208504,0.8127110182822782,1.0
17,19754,0.3400058520800702,0.6156317541912495,0.37903199899214807,5086,0.36459773379660876,0.7700128638631074,1.0
18,20916,0.36000619632007436,0.5946024884631111,0.3535840649647638,5375,0.29951746266827184,0.7571832666667505,1.0
19,22078,0.3800065405600785,0.5877095624744436,0.3454328869545382,5487,0.32621267568468065,0.7545378754632185,1.0
20,23240,0.4000068848000826,0.5747999299024475,0.330426251854156,5685,0.29557720722411696,0.7455215397402832,1.0
21,24402,0.42000722904008675,0.5434896898183305,0.2954117845937458,6174,0.2896654924091477,0.7195715566531825,1.0
22,25564,0.4400075732800909,0.507038962556224,0.2571175602251631,6730,0.23243219249385347,0.6878727596695886,1.0
23,26726,0.460007917520095,0.4703545767860272,0.22126381693785446,7323,0.19564483005231137,0.6544961905109205,1.0
24,27888,0.48000826176009914,0.4229218996436708,0.17890792302108302,7975,0.16844935106652278,0.6029624609085685,1.0
25,29050,0.5000086060001032,0.3770664174309247,0.142230259812823,8728,0.13395101969947276,0.5519477498299279,1.0
26,30212,0.5200089502401074,0.37449617384193,0.1402980521885246,8786,0.13487673363510203,0.5495783721114466,1.0
27,31374,0.5400092944801115,0.3514223961680005,0.12354532546792221,9180,0.12518971235856288,0.5204092795859421,1.0
28,32536,0.5600096387201157,0.32408435072142067,0.10507242140900244,9738,0.09527892520793836,0.48146560016900325,1.0
29,33698,0.5800099829601197,0.28710789181611074,0.08247338628159613,10370,0.0883056712236258,0.446699218234243,1.0
30,34860,0.6000103272001239,0.24183655587359074,0.05853443877367339,11126,0.059646600993100825,0.3653950136497785,1.0
31,36022,0.620010671440128,0.21321338863251357,0.0455191015932738,11607,0.04342678707088307,0.31930830643406927,1.0
32,37184,0.6400110156801322,0.19668204918511595,0.03873645292011404,11997,0.04013879115394856,0.30058843057097695,1.0
33,38346,0.6600113599201363,0.15801156609615047,0.025173244004203316,12617,0.03254351237903927,0.14779264659836958,1.0
34,39508,0.6800117041601405,0.13371108125474618,0.01811503854099358,13085,0.025497418457031202,0.12234627809333154,1.0
35,40670,0.7000120484001445,0.1184648636018459,0.014219699507487367,13530,0.017837477110560065,0.11035635289990205,1.0
36,41832,0.7200123926401487,0.09912962205736317,0.010003192636800433,14003,0.018399930668513025,0.09582257677135898,1.0
37,42994,0.7400127368801528,0.08984169636076873,0.008201505088116031,14429,0.013270533207165551,0.08713381058307378,1.0
38,44156,0.760013081120157,0.08067059991821952,0.006611103907391188,14810,0.010632651002553705,0.07929697667780361,1.0
39,45318,0.780013425360161,0.07208364974589637,0.0052827597933548616,15164,0.01093111616137733,0.06919261968862661,1.0
40,46480,0.8000137696001652,0.06104328523862375,0.0038009979435034667,15514,0.006555528494574783,0.06348184409702094,1.0
41,47642,0.8200141138401693,0.05006133535837374,0.00256922667353419,15777,0.004758509177835462,0.055824198900724424,1.0
42,48804,0.8400144580801735,0.04188328757520883,0.0018121638254082826,16050,0.0035983317967863086,0.050688084642458796,1.0
43,49966,0.8600148023201776,0.03317950814884047,0.0011498242636998014,16312,0.003081762487322817,0.04306596282180092,1.0
44,51128,0.8800151465601818,0.024709387230562534,0.0006463282619076824,16524,0.0015482051799384667,0.0356859029413355,1.0
45,52290,0.9000154908001858,0.014486827501606403,0.0002472333057476246,16697,0.000485946649403627,0.02235269116291586,1.0
46,53452,0.92001583504019,0.005958291956305859,7.472622400636969e-05,16840,0.00016260202955702157,0.08752488208125485,1.0
47,54614,0.9400161792801941,0.005958291956305859,7.472622400636969e-05,16840,0.0004111075157672826,0.08752488208125485,1.0
48,55776,0.9600165235201983,0.004322682399672878,3.7673646590114224e-05,16921,9.692821713253112e-05,0.07404140328022223,1.0
49,56938,0.9800168677602024,0.0030959752321981426,9.595859982916777e-06,17060,0.00010761010228591209,0.06067329685847613,1.0
50,58099,1.0,5.841462702260646e-05,0.0,17119,0.0,0.00010625576075981042,1.0
