stage,algorithm_id,original_name,published_name,published_path,dependencies,platform,source_sha256,published_sha256,verification_status
01_data_preparation,01,author_clean.py,01_author_disambiguation.py,reproducibility/code/01_data_preparation/01_author_disambiguation.py,difflib; networkx; pandas,Windows/Linux,18311b88c5f54e65a719bb1b8e414ef3e0c55f1a5e6bc6459f5c2156ff358df4,48c5912e2a57eb8d1429ed4fc30da4eb9c8c274f594b8829ae147b6870499351,heavy_preflight_only
01_data_preparation,02,author_team_size_stats.py,02_author_team_size_statistics.py,reproducibility/code/01_data_preparation/02_author_team_size_statistics.py,pandas,Windows/Linux,00f4f97e31580787929e73f289f63b56a639472206e0fe3b4c740bab9d6c5d9d,b9402f5adfe714ad9adcad4beec7d6beac21d3a3097ad71dbbb86bef0542a943,verified_light_run
01_data_preparation,03,author_inter_discipline.py,03_author_discipline_count.py,reproducibility/code/01_data_preparation/03_author_discipline_count.py,numpy; pandas,Windows/Linux,89ae1411aa87919d3dd440ee3b7eda7fee778fbf83eb0fe2a34145dbf7f327b1,4a2ed0dfa2d624bb59bbe3fccc304b34216728d03df3f44991016f68ceccac8a,verified
01_data_preparation,04,author_interdisciplie.py,04_author_discipline_entropy.py,reproducibility/code/01_data_preparation/04_author_discipline_entropy.py,numpy; pandas,Windows/Linux,a060caaff665ccbc9c38f07f6ce011f85f147997c56c1867080ce9a12c979aec,21ad5d0b32178e866ccdf1daccbe24f7bd0cbdb69389fd6caac12ec0f0a08a95,verified
01_data_preparation,05,first_author_citation_single.py,05_author_role_statistics.py,reproducibility/code/01_data_preparation/05_author_role_statistics.py,numpy; pandas,Windows/Linux,b0693bab3a8f325301ae9bb3eb512d32254a2f4d86c15013afcdf50b60ced6c6,36b5e69ed1cdfd8839d662b9a0df462dc7fcfa5b14ea7e7f361bf826f1229b96,verified
01_data_preparation,06,author_around_impact.py,06_author_neighbor_influence.py,reproducibility/code/01_data_preparation/06_author_neighbor_influence.py,numpy; pandas,Windows/Linux,9f075102c95f2b54f1531f5df6c9379b7d040599b0757664107c7ce1435e9498,d36717e1818702ec126023cc6030805f1867385d2b0d7d5ed15975c0499de79c,verified
02_network_construction,01,network_author.py,01_coauthorship_network_pipeline.py,reproducibility/code/02_network_construction/01_coauthorship_network_pipeline.py,networkx; numpy; pandas; scipy,Windows/Linux,e5668325879a69c1f815b317c995182a836b889a5b7246ef6e0a9fc344eb43ea,940f2e93c8410d5fd6bb12acb5412cedf8168561489d2a011bfccb15239003ee,verified
02_network_construction,02,active_network_edge_time.py,02_active_network_with_edge_duration.py,reproducibility/code/02_network_construction/02_active_network_with_edge_duration.py,networkx; numpy; pandas; scipy; tqdm,Windows/Linux,ef98b08a7547c27ceb1cc96e7aee3af36fb6f06f4e1638d5cbaf1e7bc08a2b25,4e84d8a403de910e2ba6ee49b94f85c8fd32bb5814e171fecd803e73020d1ebb,verified
02_network_construction,03,net_cons_filter.py,03_global_first_dynamic_network.py,reproducibility/code/02_network_construction/03_global_first_dynamic_network.py,networkx; numpy; pandas; scipy,Windows/Linux,7e4dd905b85376be9d6bbd34f7b8d1a8cf2e80bc4c0d7cc621c2e9a746129668,561200702debc417addbae780298b6ee61b301cba853a6e57fb9253f425b6e88,verified
02_network_construction,04,filter2.py,04_network_role_tagging.py,reproducibility/code/02_network_construction/04_network_role_tagging.py,networkx,Windows/Linux,142977024ac4b2677e2b1455364c3608a6ac75e4324c5540b5548b4c832b10a3,e1c042bc7872f9011613ce4c53533c7bfcc6cb65dc9947870ad119d843683cc5,verified
02_network_construction,05,ego_network.py,05_ego_network_extraction.py,reproducibility/code/02_network_construction/05_ego_network_extraction.py,networkx; numpy; pandas; scipy; tqdm,Windows/Linux,1c66a210424fbf3ca01d98ffcee00ddae06369234010de77fbd5d0540107cee8,475f4b13ff0c6ef82075e56288536f199cbf647d1205dba347ea60a72d9aa8cb,verified
02_network_construction,06,edge_time_weight.py,06_author_top_edge_statistics.py,reproducibility/code/02_network_construction/06_author_top_edge_statistics.py,networkx; numpy; pandas; scipy; tqdm,Windows/Linux,f404488bfd24455ade44d4f73986a44e0f96c57df2396c747a837e09a86ded46,39c75fc5e24737ba78e08dd7d0177b791316de18a22907e497ac7a467a4dabe8,verified
03_network_metrics,01,macro_for_new.py,01_batch_network_metrics.py,reproducibility/code/03_network_metrics/01_batch_network_metrics.py,networkx; numpy; pandas; scipy,Windows/Linux,1e578799a5dfe78c60cb004e9cd01022dba42baefdfa15a17ecce67e0f3dfe2a,c75f5bb02de316a3cdaa45fcc77dc6462542ea38c1575177f8816e98394914e3,verified
03_network_metrics,02,component_size_time.py,02_temporal_component_statistics.py,reproducibility/code/03_network_metrics/02_temporal_component_statistics.py,networkx; numpy; pandas; scipy,Windows/Linux,93f801a908871c078ae76de89b9b78bfb6164c189ca0168ed3a3e49b5fb604a8,84935dc019df0bd1aa728f2a21b8eded2fb29ed7ab65e09f2970a083384d2bef,verified
03_network_metrics,03,network_degree_time.py,03_temporal_degree_statistics.py,reproducibility/code/03_network_metrics/03_temporal_degree_statistics.py,networkx; numpy; pandas; scipy,Windows/Linux,56dae4ef29693a5ba2e1bb069a98d5235b5b2e4e2ab2409b6ce1f84d983084aa,b2b16ba9316eacf542cf5d8806ec863aff27522e962e6df916887f5ca074f86c,verified
03_network_metrics,04,node_edge_time.py,04_temporal_node_edge_statistics.py,reproducibility/code/03_network_metrics/04_temporal_node_edge_statistics.py,networkx; numpy; pandas; scipy,Windows/Linux,009cb231b6771b40275ead44d9bd30e387e838ac2f2452ad13114b71461aa802,28ed33d75914bd0c9b9e6bf44ade006bf79767de4fe93e235754f4595dbc3f6e,verified
03_network_metrics,05,assort_cluster_time.py,05_temporal_assortativity_clustering.py,reproducibility/code/03_network_metrics/05_temporal_assortativity_clustering.py,networkx; numpy; pandas; scipy,Windows/Linux,b819e2cf2c1ca973967368486783836e3b63d7f47142d0d26060562ba4f7b6dc,1b1b2b9995c2aff0aa31b687a53e5152aff06faf1afdcb145b4bc26a53602f08,verified
03_network_metrics,06,path_centrality_time.py,06_global_first_normalized_metrics.py,reproducibility/code/03_network_metrics/06_global_first_normalized_metrics.py,networkx; numpy; pandas; scipy,Windows/Linux,fab3e7e335f85d4af712f1e46699b5e99492235e6219f5eb8b77922cffa412aa,0d1e8e1fd64d2101a71a7aa4a74d3fcffe56431ab6d3e6f73ba7b8056c19057b,verified
03_network_metrics,07,path_centrality_time2.py,07_global_first_structural_entropy.py,reproducibility/code/03_network_metrics/07_global_first_structural_entropy.py,networkx; numpy; pandas; scipy,Windows/Linux,ae0834c4b83ead1a425b48333c2ec5ce6980e0bb19ed637a51dcb83294ca15fa,a38b55097745b6f10254e0d12e1b20b678445d5ad2778341cb7a5a2632d60c24,verified
03_network_metrics,08,CC_degree2.py,08_degree_clustering_log_binning.py,reproducibility/code/03_network_metrics/08_degree_clustering_log_binning.py,matplotlib; networkx; numpy; pandas,Windows/Linux,c22bb8bbe5a4285878e93c32e1381305009289af3cf685094cdda79be041855d,bd67783e662cd37f6e66c8f93b4f5d07534a5da93d2355842be9969d8447fb2a,verified
03_network_metrics,09,power_law2.py,09_degree_power_law_fit.py,reproducibility/code/03_network_metrics/09_degree_power_law_fit.py,matplotlib; networkx; numpy; pandas; sklearn,Windows/Linux,6aa3f8738c12445a11a843481fd946ac36bf6aef6c6c793664ba0f8d4e2555cd,930846970accdb73f2b853d155ac2599dedd3c202c6094df8f4d99b8cffc0acc,verified
04_community_analysis,01,net_community.py,01_infomap_community_semantics.py,reproducibility/code/04_community_analysis/01_infomap_community_semantics.py,infomap; networkx; numpy; pandas; scipy,Windows/Linux,233f5ff99849f6c06b6a5e9f040ab2d26d4e05079d4478ccef3a03c45531a02e,701c3b42dd7e1e2d0b20d16999baeb78119d5c7158044785e4db565fe35012f6,heavy_preflight_only
04_community_analysis,02,2025_community.py,02_community_metrics_2025.py,reproducibility/code/04_community_analysis/02_community_metrics_2025.py,infomap; networkx; numpy; pandas; scipy,Windows/Linux,9c3ee6f37940f1a974ad89eb1590a010eeddccd4e8bc19953063f5a30214ed1d,72764bd72a8a2bfc8f2f3d5eea929f3d49ac066e874f5d9e7735848cd6f531a5,verified
04_community_analysis,03,infomap_time_2.py,03_temporal_community_metrics.py,reproducibility/code/04_community_analysis/03_temporal_community_metrics.py,infomap; networkx; numpy; pandas; scipy,Windows/Linux,aa4030f65fbecb587940fedff997e8a4df94e4b94dfcc0487b880d40c5dfc6ed,77a6a4823d72c71b53f6ead2a93e9e8ffaf7eb8cf2a4283f4a0e71d1c11ad6a1,verified
04_community_analysis,04,community_EI.py,04_community_external_internal_index.py,reproducibility/code/04_community_analysis/04_community_external_internal_index.py,infomap; matplotlib; networkx; numpy; pandas; scipy,Windows/Linux,0db5a15b0af90d090a36ad6b8835a41fab8770328db4f3284e060dcbfa73ca8a,21a8e40c1f52fc666c158381b249eeb7c411ca065333fef3f2cf1aac778b8c02,verified
04_community_analysis,05,community_grained.py,05_dynamic_community_network.py,reproducibility/code/04_community_analysis/05_dynamic_community_network.py,infomap; networkx; numpy; pandas; scipy,Windows/Linux,8c9475c8a1b58e4aac2f20fac10d6ec306acffaef9934d2a785bd51a1493f74f,7f62993c7026a7c50c2b8cace2f1d5160f587f121aef951562a2276b35fefdfa,verified
05_node_importance_robustness,01,node_importance.py,01_node_centrality_metrics.py,reproducibility/code/05_node_importance_robustness/01_node_centrality_metrics.py,networkx; numpy; pandas; scipy,Windows/Linux,19d7bd5265376054a0038e63a0988a553653f7457bbfd099bc20bf3d19b7136b,bc1570e6fb9eef3ba67963ffcb30fcc510dec48591d74b8957b073652d83c252,verified
05_node_importance_robustness,02,node_imprtance2.py,02_viralrank_corehd_metrics.py,reproducibility/code/05_node_importance_robustness/02_viralrank_corehd_metrics.py,networkx; numpy; pandas; scipy; tqdm,Windows/Linux,6c87d909e1a1a10318237890bdb568213e2cdaadfe2906bafd466b4d83056a2e,eb1cbe49f1dce554517cec27b4675e2d2a9c7223cb456412e837bd6991669e69,verified
05_node_importance_robustness,03,prepare_attack_tables_v2.py,03_prepare_attack_sequences.py,reproducibility/code/05_node_importance_robustness/03_prepare_attack_sequences.py,networkx; numpy; pandas,Windows/Linux,83158483168938be95e05e79eee228789a32e78f132c7d3a8239c06d0ec53bc0,7f044a3a58433f3dd39aff435434b1561ad1674719946ae1a33bdc36cd3547b5,verified
05_node_importance_robustness,04,robust_active_exact.py,04_exact_network_robustness.py,reproducibility/code/05_node_importance_robustness/04_exact_network_robustness.py,matplotlib; networkx; numpy; pandas; tqdm,Windows/Linux,51b7901d4f1f3c219b1c5152234c65b293009323f7a71941c625ade28363aae5,d6098c562a8973683942a217d15e9b3a99c730f6bb61299ecc40991f5c42077a,heavy_preflight_only
05_node_importance_robustness,05,closeness_robust.py,05_closeness_attack_curves.py,reproducibility/code/05_node_importance_robustness/05_closeness_attack_curves.py,networkx; numpy; pandas; tqdm,Windows/Linux,21d1e4000f9499da9a6a3195dfe7a51e62bba07d7ade84e267e86d97c5decb68,b5a4d45a6845c86bfcb0c79b9424919f9f89909d884b8f454aeb66797a40822c,verified
06_fractal_analysis,01,net_fractional.py,01_integrated_fractal_analysis.py,reproducibility/code/06_fractal_analysis/01_integrated_fractal_analysis.py,matplotlib; networkx; numpy; pandas; scipy,Windows/Linux,cde0e42210491e875cb152fddc7a97983cc3f2f6991f5010769bd04f240998cf,adf788b4457e1e627f009534decbd38cf7743ffc998467cd7b536ea5bb37132a,verified
06_fractal_analysis,02,fractal_MST.py,02_fractal_mst_statistics.py,reproducibility/code/06_fractal_analysis/02_fractal_mst_statistics.py,networkx; numpy; pandas,Windows/Linux,c5b01fadc84908d5da3bf08f9877af11bbf8f6f6cce99cf58e9a86a9fe190bdf,89f04d77b48b424ea30560e893375b07ac323324a84d2e43a478269085d0d56a,verified
06_fractal_analysis,03,fractal_rg.py,03_fractal_rg_flow.py,reproducibility/code/06_fractal_analysis/03_fractal_rg_flow.py,networkx; numpy; pandas; scipy,Windows/Linux,22e6577cf4152b71625c346d909593527a81263c4fdd40ceefc5638415e54982,b92995f90e58379764549f34474d6df582031fd877f8a014e59b8e5266aa1e61,verified
06_fractal_analysis,04,fractional_3net.py,04_fractal_three_network_comparison.py,reproducibility/code/06_fractal_analysis/04_fractal_three_network_comparison.py,networkx; numpy; pandas; scipy,Windows/Linux,ffb2d14990e16acfaf66829d98468dca7073f6deb897ded8a422584e3d4a6de9,b010a8da3615a34aefc20c20538186e39b272cc5f8d444d10667762515a1c9fa,verified
06_fractal_analysis,05,fractional_degree_relative.py,05_degree_correlation_randomization.py,reproducibility/code/06_fractal_analysis/05_degree_correlation_randomization.py,networkx; numpy; pandas,Windows/Linux,95a78fad8bb031c6b2236cde3c089a56a81fc43aa5f329d8e2599dadb346341c,d8c9f3fbe02c336abac5c47c255a042b96fedb2fc0aa953da5c94b1058714420,verified
06_fractal_analysis,06,fractal_exist.py,06_fractal_dimension_regression.py,reproducibility/code/06_fractal_analysis/06_fractal_dimension_regression.py,matplotlib; numpy; pandas; scipy,Windows/Linux,74f43a0578bd5ce084e4a95b4110c50e561252d623351234b170e871c14de6bc,39b93721aaaeba8c5784046a537cf69b4d0e684b224d2590dc8d0e69bcc26043,verified
07_hierarchy_core_periphery,01,WBSBM_final1.py,01_nested_weighted_dcsbm.py,reproducibility/code/07_hierarchy_core_periphery/01_nested_weighted_dcsbm.py,graph_tool; networkx; numpy; pandas; scipy,Linux（graph-tool）,db966666922c13e98bc275c2248893eedad413a4e35674cc450865c31567145f,cede7af627b9ecc58bc09dbac8c5247733fe21396e8249301f242439a8a79617,heavy_preflight_only
07_hierarchy_core_periphery,02,role_table.py,02_rw_core_periphery_roles.py,reproducibility/code/07_hierarchy_core_periphery/02_rw_core_periphery_roles.py,matplotlib; numpy; pandas; scipy,Windows/Linux,a281b8bd6831f82d49b8371fe3720d48101c3b0a513553ced26fee017242d77e,1063d78ff0b00bbabda8586e2c6fa596927870d71eafff4085b1a7520e7e69b9,verified
07_hierarchy_core_periphery,03,WBSBM_final1.py,03_km_core_periphery_block_analysis.py,reproducibility/code/07_hierarchy_core_periphery/03_km_core_periphery_block_analysis.py,cpnet; matplotlib; networkx; numpy; pandas; scipy,Windows/Linux,c071d43ac1fe1c208e3eb5a7a04a2d341c5206f391a85d6fe60277967572c4bb,512653fc6054eb295ad12a01035f600def47aa01c69b3a0b4ae9e163bb9f8fe1,verified
08_ergm,01,model_5.R,01_valued_ergm_models.R,reproducibility/code/08_ergm/01_valued_ergm_models.R,xml2; network; ergm; ergm.count; coda,R,23e897b7b64a82da62d7eecfaecc458aba97c64c3205285f64c0a1628815305b,8095335bdf523082e9ad990b9546a95b77e538653f6f02a27131d12c6ea763bd,heavy_preflight_only
