year,pipeline,node_count,edge_count,avg_path_len,deg_centralization,str_centralization,clo_centralization,bet_centralization,struct_entropy,struct_entropy_norm
2006,S2,647,784,1.727272727,0.013317493,0.838124724,0.026060299,0.00017414,6.301478202,0.973601919
2007,S2,1514,1926,2.587121212,0.009566998,0.921637475,0.023380382,0.00033542,7.136094237,0.974543523
2008,S2,3213,5345,3.921871779,0.007997784,0.954535077,0.023263984,0.000665571,7.833347168,0.970079844
2009,S2,5072,9433,8.410492679,0.005381803,0.960304221,0.026018172,0.003368139,8.291567654,0.971878849
2010,S2,6860,13764,8.485806919,0.004519057,0.965754293,0.036669599,0.00393056,8.581690345,0.971498694
2011,S2,8934,20294,11.06657123,0.007665088,0.96823145,0.057116028,0.025607501,8.767723272,0.963739002
2012,S2,11180,26940,12.39949514,0.008784171,0.971725381,0.082324536,0.076159591,8.995462098,0.964984231
2013,S2,13485,34447,11.3864849,0.009115195,0.973658323,0.094934455,0.094584998,9.165508713,0.963844164
2014,S2,15995,43543,11.00401763,0.009414421,0.979458964,0.100069553,0.106136017,9.330031806,0.963843767
2015,S2,18639,53151,10.9506717,0.008279502,0.982953551,0.103618292,0.095886982,9.470307852,0.963114294
2016,S2,21418,62217,10.05655579,0.009208042,0.985216139,0.114695739,0.063574736,9.613303577,0.964031483
2017,S2,24185,76028,9.803876127,0.009747448,0.98675257,0.120881594,0.075416515,9.650247156,0.956087081
2018,S2,26947,86291,9.644453639,0.010005771,0.987551593,0.123040476,0.072428297,9.762530042,0.956958712
2019,S2,30007,98156,9.401116311,0.00924736,0.987913727,0.126906351,0.073937759,9.868507682,0.957254398
2020,S2,33339,110586,8.979759814,0.008710282,0.988394167,0.144323931,0.14833743,9.978430168,0.958130691
2021,S2,37509,132063,8.824231071,0.008184246,0.988827032,0.144971537,0.138349936,10.06554059,0.955680315
2022,S2,41256,149968,8.653258157,0.007920148,0.989101952,0.151836248,0.163165374,10.14595219,0.954684399
2023,S2,45284,171327,8.445544196,0.007628657,0.989557421,0.151135108,0.113417439,10.21529902,0.9528572
2024,S2,49815,193704,8.51813236,0.007131275,0.989619237,0.148774269,0.115811141,10.31490657,0.953665314
2025,S2,52316,203296,8.467754128,0.006924247,0.989836721,0.149595232,0.122413432,10.36952753,0.954392835
2006,S5-S2,352,322,1.607142857,0.014814815,0.854171754,0.028921568,0.000274812,5.693459667,0.970981829
2007,S5-S2,763,707,2.431372549,0.012035207,0.924605701,0.023348662,0.000321696,6.436211796,0.969712895
2008,S5-S2,1637,1897,3.404977376,0.009597512,0.950243431,0.0270849,0.000715764,7.191890034,0.9717975
2009,S5-S2,2528,3331,8.164235005,0.006877113,0.95587455,0.033718125,0.005316521,7.603262371,0.970401656
2010,S5-S2,3377,4862,8.069024008,0.005963402,0.959257922,0.046662662,0.006883457,7.884984749,0.970491742
2011,S5-S2,4258,6764,10.70238362,0.011239228,0.961455676,0.068687471,0.030730279,8.103651184,0.96973709
2012,S5-S2,5220,9036,11.6155744,0.011412292,0.964865505,0.093266133,0.086560834,8.283481725,0.967669004
2013,S5-S2,6135,11545,10.81446033,0.011290989,0.966717207,0.104271135,0.096758284,8.414774022,0.96480275
2014,S5-S2,7089,14312,10.27506252,0.011143408,0.973755972,0.111983716,0.096055458,8.548649193,0.964174233
2015,S5-S2,8116,17440,10.14656428,0.010686838,0.977876928,0.114026703,0.090111492,8.662205285,0.962297851
2016,S5-S2,9111,20392,9.434676357,0.011695614,0.980073334,0.119198457,0.063117532,8.778461639,0.962843072
2017,S5-S2,10060,23344,9.192331099,0.012166555,0.981696387,0.125757124,0.068853153,8.873615187,0.962815973
2018,S5-S2,10961,26687,9.003121372,0.011875393,0.982579929,0.128238676,0.069702316,8.947540206,0.961884777
2019,S5-S2,12032,30137,8.705978552,0.011138958,0.98265037,0.132028879,0.065088243,9.038440194,0.962015353
2020,S5-S2,13163,34154,8.321841506,0.010699894,0.983043335,0.146385097,0.129643665,9.124503323,0.961976904
2021,S5-S2,14408,41390,8.162060344,0.010500144,0.983363119,0.144893319,0.122764647,9.153262486,0.955901194
2022,S5-S2,15366,46450,7.966743549,0.01041165,0.983355233,0.152040415,0.141449058,9.199644444,0.954329288
2023,S5-S2,16254,52211,7.734407033,0.010311711,0.983527526,0.152423987,0.101143529,9.223732053,0.951283901
2024,S5-S2,16958,56506,7.74696151,0.010695121,0.983056826,0.15066416,0.102349825,9.271552945,0.952052551
2025,S5-S2,17119,58099,7.669218817,0.010762581,0.982926945,0.152417164,0.107542685,9.2874595,0.952761439
2006,S5-S3-S2,46,28,1.6,0.064646465,0.720987654,0.11942296,0.005948373,3.171239325,0.828371093
2007,S5-S3-S2,82,53,1.714285714,0.059567901,0.785377229,0.111733054,0.004576284,3.951707446,0.896780259
2008,S5-S3-S2,192,147,2.305555556,0.028933591,0.851385772,0.051112601,0.001103675,4.882664711,0.928720197
2009,S5-S3-S2,301,254,2.876190476,0.021181717,0.898280606,0.0353457,0.001431067,5.357472565,0.938746441
2010,S5-S3-S2,376,332,3.501976285,0.022074866,0.916264339,0.045320163,0.002463296,5.570286196,0.939413996
2011,S5-S3-S2,489,482,4.626696833,0.022692463,0.934362198,0.048463382,0.007155817,5.875315005,0.948805811
2012,S5-S3-S2,596,635,7.068653649,0.028446934,0.943335479,0.080546071,0.037395704,6.044936301,0.945968861
2013,S5-S3-S2,707,780,6.2081504,0.026695196,0.952209317,0.103918475,0.041277682,6.195396538,0.944276775
2014,S5-S3-S2,812,900,6.329006891,0.023217792,0.959752873,0.103729494,0.041350806,6.324646419,0.944052399
2015,S5-S3-S2,887,1014,7.178162112,0.026825318,0.964446032,0.113273749,0.055539522,6.401216053,0.943045773
2016,S5-S3-S2,980,1133,7.185735992,0.024245349,0.970691713,0.111322925,0.053703681,6.499290729,0.943633088
2017,S5-S3-S2,1065,1248,7.199544995,0.02321685,0.973432451,0.10778078,0.051621453,6.581588502,0.944179371
2018,S5-S3-S2,1165,1389,7.106153298,0.024625997,0.975662562,0.105898903,0.049431608,6.673362054,0.94517581
2019,S5-S3-S2,1256,1526,7.082659755,0.025993633,0.977024619,0.104650956,0.049655311,6.746097799,0.945406618
2020,S5-S3-S2,1384,1739,8.996928445,0.024972453,0.977334022,0.126150979,0.167328841,6.831828605,0.944574638
2021,S5-S3-S2,1492,1946,9.406810422,0.023096971,0.977814609,0.124589456,0.206324541,6.90433059,0.94478337
2022,S5-S3-S2,1546,2038,9.386691705,0.02227057,0.977870001,0.11377082,0.211787053,6.935491275,0.944452495
2023,S5-S3-S2,1592,2117,16.07322886,0.021611344,0.977748292,0.055260012,0.508636825,6.964183197,0.944588149
2024,S5-S3-S2,1627,2170,13.01220259,0.022372221,0.977151084,0.084086263,0.528633594,6.983724693,0.944452892
2025,S5-S3-S2,1631,2185,13.03223511,0.022309972,0.97662358,0.083888683,0.540953134,6.989179031,0.944876673
