Year,CommunityID,Size,Avg_Degree,Avg_Weighted_Degree,Avg_Citations_Per_Paper,Total_Citations,Paper_Count
2006,1,6,5.0,2.0,4.0,8,2
2007,1,4,3.25,2.05,20.8571,146,7
2007,2,3,2.3333,2.0667,8.6667,26,3
2007,3,2,2.0,1.2,20.0,80,4
2008,1,3,1.6667,0.8333,4.25,17,4
2008,2,7,3.8571,2.8393,70.0,1470,21
2008,3,9,2.5556,5.0185,36.8158,1399,38
2008,4,5,1.8,1.7,27.2727,300,11
2008,5,2,4.0,3.0,28.4,142,5
2008,6,3,2.6667,2.7222,133.6,668,5
2008,7,4,2.0,1.8889,98.8421,1878,19
2008,8,3,3.0,1.375,125.3333,376,3
2008,9,2,1.5,1.1667,47.0,141,3
2009,1,2,1.5,2.0,74.0,222,3
2009,2,7,3.0,3.6,14.0,210,15
2009,3,6,3.3333,4.4667,281.4211,5347,19
2009,4,13,2.6154,2.1363,58.0741,1568,27
2009,5,30,2.9667,1.9439,161.8276,9386,58
2009,6,3,3.3333,2.1667,69.3333,208,3
2009,7,15,2.2667,1.4222,96.303,3178,33
2009,8,10,4.4,3.1533,35.7778,644,18
2009,9,8,3.5,2.5625,43.4783,1000,23
2009,10,4,2.5,1.2333,38.7778,349,9
2009,11,4,2.25,1.375,146.75,1174,8
2009,12,4,4.5,2.4833,17.4,174,10
2009,13,2,2.0,1.6667,165.0,660,4
2009,14,4,3.0,2.0,15.7143,110,7
2009,15,2,2.0,2.5,481.75,1927,4
2009,16,6,4.1667,2.287,118.3636,1302,11
2009,17,6,3.0,1.1778,88.2857,618,7
2009,18,4,4.5,2.8,20.0,200,10
2009,19,4,3.75,2.193,47.75,382,8
2009,20,4,2.75,1.725,116.8571,818,7
2009,21,2,2.0,0.95,15.0,60,4
2009,22,2,1.5,3.0,216.0,1080,5
2009,23,2,2.0,1.4,148.3333,445,3
2009,24,4,2.25,2.625,100.0,900,9
2009,25,3,3.0,0.6667,14.25,57,4
2010,1,7,4.0,4.7571,274.4231,7135,26
2010,2,17,3.4118,2.198,119.963,3239,27
2010,3,51,3.5098,2.2451,58.1951,4772,82
2010,4,8,3.0,2.5,144.7895,2751,19
2010,5,5,2.8,1.8667,124.0,1984,16
2010,6,5,2.6,2.5833,129.7273,1427,11
2010,7,2,2.0,1.25,64.8,324,5
2010,8,9,4.6667,2.9926,184.7727,4065,22
2010,9,10,2.4,1.4833,159.4706,2711,17
2010,10,24,3.0417,2.3681,128.6739,5919,46
2010,11,10,3.8,2.7667,68.7059,1168,17
2010,12,18,3.7222,3.5741,17.6364,776,44
2010,13,15,2.7333,2.2015,77.9688,2495,32
2010,14,14,5.0714,3.5448,37.4231,973,26
2010,15,3,3.6667,1.5111,38.75,310,8
2010,16,4,3.75,2.693,47.8889,431,9
2010,17,3,3.0,1.8056,113.7143,796,7
2010,18,4,4.25,0.8611,44.6667,268,6
2010,19,4,2.5,1.75,145.875,1167,8
2010,20,4,4.75,2.2083,225.3636,2479,11
2010,21,6,2.3333,1.875,176.8333,2122,12
2010,22,5,2.0,1.6,24.5556,221,9
2010,23,2,1.5,3.0,216.0,1080,5
2010,24,6,3.3333,2.7778,64.6,646,10
2010,25,4,2.75,2.0417,69.0833,829,12
2010,26,5,3.2,2.0,204.0,1428,7
2010,27,4,2.25,1.65,97.4286,682,7
2010,28,5,2.6,1.4333,73.3333,660,9
2010,29,5,3.4,2.05,148.5,891,6
2010,30,7,3.0,2.131,103.2727,1136,11
2010,31,7,2.5714,1.4286,54.6923,711,13
2010,32,4,3.75,1.5958,32.2727,355,11
2010,33,6,4.6667,2.5509,112.3077,1460,13
2010,34,3,3.6667,2.1556,25.4,127,5
2010,35,6,2.8333,1.9028,292.0,4088,14
2010,36,3,3.6667,2.3333,43.25,346,8
2010,37,6,4.5,1.875,108.3636,1192,11
2010,38,3,2.0,3.5556,337.8889,3041,9
2010,39,3,2.6667,2.0,223.0,669,3
2011,1,54,2.8704,2.2207,113.4902,11576,102
2011,2,50,4.0,4.2657,69.9006,11254,161
2011,3,62,3.9032,2.7436,135.552,16944,125
2011,4,30,2.8667,1.8667,220.2941,11235,51
2011,5,14,2.8571,1.8929,138.8333,3332,24
2011,6,64,4.0156,4.3953,44.1024,9041,205
2011,7,13,2.6923,2.5256,128.5909,2829,22
2011,8,103,3.7087,2.3309,78.7941,13395,170
2011,9,66,5.2879,4.526,29.5977,5150,174
2011,10,20,4.9,2.8036,86.7812,2777,32
2011,11,39,3.4103,2.4771,123.775,9902,80
2011,12,18,2.6667,1.837,79.7857,2234,28
2011,13,24,2.8333,2.2639,133.9149,6294,47
2011,14,63,3.5238,3.5942,58.1322,10115,174
2011,15,38,3.3947,2.1679,139.5694,10049,72
2011,16,57,4.4211,2.847,86.6931,8756,101
2011,17,44,4.8636,3.7197,54.4322,6423,118
2011,18,39,5.8974,4.9594,214.8723,20198,94
2011,19,20,2.7,2.3667,143.3023,6162,43
2011,20,17,2.8824,1.7549,66.85,2674,40
2011,21,11,2.2727,1.3636,126.2667,1894,15
2011,22,20,3.3,2.375,95.2391,4381,46
2011,23,25,3.0,2.2033,71.1786,3986,56
2011,24,25,2.52,1.7967,74.2745,3788,51
2011,25,7,2.8571,2.2952,61.3846,798,13
2011,26,17,2.4706,3.0588,47.325,1893,40
2012,1,51,4.8431,2.1314,46.913,3237,69
2012,2,62,3.6613,3.3806,51.5625,9075,176
2012,3,53,6.2453,2.0013,81.2742,5039,62
2012,4,63,3.6349,2.7543,105.7218,14061,133
2012,5,83,4.0964,2.3017,49.7941,8465,170
2012,6,135,3.9852,2.5749,74.0318,16287,220
2012,7,21,4.9524,3.051,76.9189,2846,37
2012,8,126,7.0873,1.999,66.7154,8673,130
2012,9,32,4.9688,4.3969,25.0667,2256,90
2012,10,20,3.15,2.2917,18.9189,700,37
2012,11,25,2.84,2.28,106.0513,4136,39
2012,12,62,6.2258,5.1299,156.8121,23365,149
2012,13,17,3.4706,3.2451,80.32,4016,50
2012,14,85,4.2,2.623,102.4177,16182,158
2012,15,12,2.25,1.4167,116.1176,1974,17
2012,16,83,4.4578,2.9621,163.4792,23541,144
2012,17,49,6.6735,2.0947,76.6557,4676,61
2012,18,69,3.7391,2.6204,132.6513,20163,152
2012,19,69,3.2319,2.4251,131.1719,16790,128
2012,20,71,5.2958,4.618,29.2371,5672,194
2012,21,74,3.9459,4.214,63.1055,14956,237
2012,22,35,2.9714,2.231,86.8235,5904,68
2012,23,22,3.3182,1.5606,471.32,11783,25
2012,24,45,3.5556,2.3111,103.7283,9543,92
2012,25,35,4.8286,1.4241,49.6154,1935,39
2012,26,37,3.0811,2.4137,115.2571,8068,70
2012,27,79,4.3418,4.612,41.4163,10644,257
2012,28,54,4.3333,4.1243,72.7368,11056,152
2012,29,19,3.1053,2.4701,80.1395,3446,43
2012,30,17,6.1176,2.1171,57.4,1435,25
2012,31,57,3.8596,2.2868,118.2772,11946,101
2012,32,20,4.1,1.3707,107.3043,2468,23
2012,33,25,2.92,1.92,57.9024,2374,41
2012,34,20,2.75,2.425,81.3256,3497,43
2012,35,9,2.5556,3.1111,24.1429,507,21
2012,36,34,2.8824,1.7157,62.2188,3982,64
2012,37,10,2.9,3.1167,82.8276,2402,29
2012,38,10,2.5,2.7333,47.7083,1145,24
2013,1,136,4.5956,2.9158,120.6615,31010,257
2013,2,62,6.1774,2.0083,55.1954,4802,87
2013,3,297,4.4007,3.8517,42.1635,33520,795
2013,4,56,4.6607,2.949,178.3162,20863,117
2013,5,51,3.8824,2.6844,150.7979,14175,94
2013,6,28,5.6429,2.2167,54.0857,1893,35
2013,7,84,3.7143,2.7314,112.8696,20768,184
2013,8,113,4.1062,2.5944,42.6614,10836,254
2013,9,182,3.8516,2.5516,76.4332,23465,307
2013,10,33,5.9091,1.6681,99.6111,3586,36
2013,11,88,3.1136,2.5037,66.5538,12379,186
2013,12,34,4.9118,4.7618,27.0769,2816,104
2013,13,364,4.7115,4.4063,65.5416,65345,997
2013,14,44,3.5,2.6212,82.0923,5336,65
2013,15,28,3.5357,3.244,88.6933,6652,75
2013,16,128,8.5391,2.1744,57.1778,7719,135
2013,17,81,5.037,3.1061,105.2994,17585,167
2013,18,56,8.7143,2.4819,75.2692,5871,78
2013,19,61,3.2623,2.6311,100.3571,12645,126
2013,20,67,10.7313,1.9541,69.1233,5046,73
2013,21,48,3.2917,1.8382,230.631,19373,84
2013,22,48,3.7917,2.5274,136.3883,14048,103
2013,23,53,3.7547,2.5503,110.7899,13184,119
2013,24,10,3.5,3.725,47.4545,1044,22
2013,25,54,4.7778,1.5805,69.1406,4425,64
2013,26,31,3.2258,2.2688,64.0345,3714,58
2013,27,27,3.0741,2.5309,40.0741,2164,54
2013,28,53,3.4151,2.4988,99.6281,12055,121
2013,29,17,8.0588,1.3598,53.75,645,12
2013,30,27,7.2593,2.0438,48.0,1536,32
2013,31,25,6.24,1.481,46.125,1107,24
2013,32,16,4.5625,2.8917,48.0,1104,23
2013,33,26,2.6538,2.2756,122.9091,6760,55
2013,34,25,3.0,1.8933,53.3208,2826,53
2013,35,13,2.8462,3.0128,82.6364,2727,33
2013,36,14,5.6429,2.872,14.7,294,20
2014,1,56,5.9821,4.6132,66.0378,12217,185
2014,2,137,8.6569,2.3932,52.1477,7770,149
2014,3,136,4.5809,3.2416,106.9652,33801,316
2014,4,85,10.6118,2.0904,69.5859,6889,99
2014,5,50,4.24,2.788,25.6077,3329,130
2014,6,129,5.2248,3.5094,107.6436,29602,275
2014,7,40,3.45,2.7146,19.1395,1646,86
2014,8,75,4.1867,2.8249,173.3457,28082,162
2014,9,40,5.6,2.6705,23.2982,1328,57
2014,10,38,3.9474,2.5145,81.7444,7357,90
2014,11,51,3.2745,2.2378,66.3362,7695,116
2014,12,173,4.3931,2.8854,70.5967,21532,305
2014,13,55,4.2727,3.1496,40.875,7194,176
2014,14,23,4.7391,2.9959,69.8636,3074,44
2014,15,88,4.2727,4.4379,47.8083,12717,266
2014,16,47,7.4255,1.9373,83.7234,3935,47
2014,17,63,3.8254,3.0026,115.2273,15210,132
2014,18,44,3.3409,3.0616,59.32,7415,125
2014,19,137,5.854,4.7871,87.2366,30969,355
2014,20,58,2.7759,2.2016,61.8417,7421,120
2014,21,32,3.2188,2.8854,17.9351,1381,77
2014,22,38,4.7105,5.0061,28.9508,3532,122
2014,23,60,6.0333,5.2715,25.9618,4076,157
2014,24,48,4.2083,3.0701,55.7234,5238,94
2014,25,35,3.4571,2.6905,86.6604,4593,53
2014,26,32,5.0312,2.5908,53.9808,2807,52
2014,27,69,6.7826,2.0255,49.2449,4826,98
2014,28,15,2.6,1.7,94.0435,2163,23
2014,29,9,2.5556,2.5926,131.7857,1845,14
2014,30,65,3.6462,2.0882,64.6344,6011,93
2014,31,108,8.3889,2.2884,63.0074,8506,135
2014,32,40,5.05,2.7596,171.9302,14786,86
2014,33,10,4.5,4.9833,40.9545,901,22
2014,34,140,4.7571,4.1269,59.5823,24250,407
2014,35,60,3.3333,2.7004,61.5074,8365,136
2014,36,79,3.4557,2.0171,161.6786,22635,140
2014,37,83,3.8916,2.8884,129.6034,23199,179
2014,38,98,5.0714,5.032,35.2413,13145,373
2014,39,32,2.75,2.5226,38.4348,2652,69
2014,40,43,3.2558,2.0504,48.8478,4494,92
2014,41,69,4.7246,1.5143,61.1786,5139,84
2014,42,50,4.32,4.52,39.4046,5162,131
2014,43,29,3.2069,2.4943,40.2373,2374,59
2014,44,20,2.85,2.07,21.6481,1169,54
2014,45,19,2.6842,2.4579,52.0,2496,48
2014,46,56,3.9107,2.795,98.6953,12633,128
2014,47,16,4.0625,1.6146,74.0233,3183,43
2014,48,57,4.4035,2.6103,25.3817,3325,131
2014,49,67,7.7164,1.4676,61.1974,4651,76
2014,50,23,2.9565,2.1594,58.1081,2150,37
2014,51,28,3.4286,2.6756,65.2812,4178,64
2014,52,11,3.8182,3.8333,41.1905,865,21
2014,53,26,6.5769,1.567,45.7308,1189,26
2014,54,17,4.5294,2.7972,46.9583,1127,24
2014,55,29,3.1724,2.5747,52.3793,3038,58
2014,56,32,2.7812,2.2693,124.3676,8457,68
2014,57,53,3.7358,2.5732,103.7544,11828,114
2014,58,22,2.6818,3.2955,40.0943,2125,53
2014,59,30,3.1667,2.6333,99.6667,6279,63
2015,1,73,5.9726,4.3562,58.8697,14011,238
2015,2,857,8.3477,2.0581,52.4764,48908,932
2015,3,267,4.5918,3.0262,108.932,59259,544
2015,4,118,3.1186,2.6765,18.1837,5346,294
2015,5,147,4.2585,4.0615,41.0964,18329,446
2015,6,98,4.6531,3.102,92.2755,18086,196
2015,7,40,3.45,2.8396,19.0217,1750,92
2015,8,64,3.3438,2.4714,164.5,22701,138
2015,9,41,3.9024,2.9011,81.5882,8322,102
2015,10,128,4.5469,3.023,110.2389,32300,293
2015,11,236,4.4322,3.0576,77.4544,36481,471
2015,12,31,3.3871,3.9677,38.2396,3671,96
2015,13,118,5.1017,4.8778,33.531,14083,420
2015,14,153,4.0654,2.7672,31.9928,13373,418
2015,15,24,4.625,2.996,68.6444,3089,45
2015,16,53,2.8113,2.006,65.6048,8135,124
2015,17,51,3.2745,3.0303,42.8623,7158,167
2015,18,151,5.9007,5.2554,80.0709,33870,423
2015,19,124,3.3629,2.8082,65.6406,18445,281
2015,20,45,4.6667,4.8496,25.5938,4095,160
2015,21,44,3.25,2.7992,23.582,2877,122
2015,22,64,5.3594,2.4591,64.2812,6171,96
2015,23,70,4.4286,2.6779,149.2966,21648,145
2015,24,78,5.8718,4.899,22.4258,4687,209
2015,25,51,4.3922,3.5222,51.5133,5821,113
2015,26,18,3.2778,1.706,40.9429,1433,35
2015,27,78,4.1282,2.769,104.0867,15613,150
2015,28,26,3.5769,2.5064,63.9412,3261,51
2015,29,58,4.1897,2.8649,54.8291,6415,117
2015,30,17,2.6471,1.6961,63.8298,3000,47
2015,31,60,3.8,2.1807,73.9623,7840,106
2015,32,9,2.5556,2.5926,131.7857,1845,14
2015,33,18,3.3333,3.0455,56.6,2264,40
2015,34,124,4.4839,4.8292,54.539,23070,423
2015,35,23,3.1739,2.8478,108.9804,5558,51
2015,36,26,3.0385,2.8526,26.8529,1826,68
2015,37,65,2.9077,2.2082,42.2612,5663,134
2015,38,130,5.8462,3.7642,90.0278,25928,288
2015,39,101,3.495,2.2042,131.9531,25335,192
2015,40,20,2.55,2.2889,33.0526,1256,38
2015,41,52,3.25,2.1667,49.9018,5589,112
2015,42,8,2.625,3.3542,38.0526,723,19
2015,43,63,4.4603,4.2816,38.6471,5913,153
2015,44,35,3.3143,2.2229,23.4382,2086,89
2015,45,24,3.125,2.9125,45.5,2548,56
2015,46,8,5.25,1.7583,28.125,225,8
2015,47,16,2.3125,3.7396,24.5507,1694,69
2015,48,23,2.9565,2.2029,57.2,2288,40
2015,49,32,3.2188,2.762,33.0152,2179,66
2015,50,23,5.4783,2.833,29.3548,910,31
2015,51,16,2.8125,4.0167,45.8913,2111,46
2015,52,31,3.3226,2.7715,99.3429,6954,70
2015,53,13,3.3846,3.2843,37.8378,1400,37
2016,1,210,4.9524,3.2305,109.9044,47149,429
2016,2,173,9.237,2.4858,47.0259,9076,193
2016,3,100,3.68,2.839,20.7204,4372,211
2016,4,178,4.191,3.1348,99.3464,40434,407
2016,5,25,4.64,3.0362,67.2449,3295,49
2016,6,144,4.9375,3.3598,68.7418,21035,306
2016,7,88,4.0682,4.7326,48.9195,14578,298
2016,8,317,12.1483,2.2983,61.2312,21186,346
2016,9,44,2.8182,2.6439,16.7209,2157,129
2016,10,74,3.6757,2.5668,73.4056,10497,143
2016,11,155,5.3484,4.5046,20.6083,8470,411
2016,12,421,5.3753,5.0452,58.124,74515,1282
2016,13,16,3.5,1.8411,39.5714,1385,35
2016,14,61,12.1148,1.7822,58.7358,3113,53
2016,15,133,7.2105,2.0644,48.5108,9023,186
2016,16,53,4.6226,4.6252,43.35,8670,200
2016,17,171,5.8246,3.714,79.0811,29260,370
2016,18,150,3.6933,2.9017,66.6781,23404,351
2016,19,82,4.9756,2.8914,41.2731,8915,216
2016,20,100,4.23,2.9121,114.8791,24699,215
2016,21,60,2.9833,2.236,41.1511,5720,139
2016,22,38,3.3421,2.6588,151.1146,14507,96
2016,23,75,4.32,4.2587,36.9548,7354,199
2016,24,75,4.4267,2.9822,92.1418,12992,141
2016,25,69,6.8696,1.2948,51.7024,4343,84
2016,26,27,3.5185,4.1728,40.0658,3045,76
2016,27,33,4.697,3.5535,30.6923,3990,130
2016,28,98,5.7959,4.3313,64.0727,18517,289
2016,29,55,6.2,2.5123,42.6133,3196,75
2016,30,16,5.4375,1.2864,39.8,597,15
2016,31,56,3.3929,2.2479,20.7337,3504,169
2016,32,59,3.4237,2.6616,45.2293,7101,157
2016,33,111,5.3514,1.6234,53.8862,6628,123
2016,34,41,5.6341,2.8589,23.6857,1658,70
2016,35,23,3.6957,2.9783,95.3265,4671,49
2016,36,47,4.1702,2.7305,84.65,6772,80
2016,37,43,3.907,2.9961,42.8553,6514,152
2016,38,62,3.3548,3.2147,45.9801,9242,201
2016,39,66,3.8333,2.9553,68.8889,10540,153
2016,40,32,3.125,3.2365,36.2179,2825,78
2016,41,62,4.0161,2.3553,69.4786,8129,117
2016,42,45,4.3778,3.0747,105.9182,11651,110
2016,43,66,3.7879,1.9217,159.5567,15477,97
2016,44,59,4.7458,2.8964,26.1125,4178,160
2016,45,34,7.1176,1.6711,40.3143,1411,35
2016,46,20,3.2,2.1942,41.6327,2040,49
2016,47,111,4.009,2.6956,77.2252,17144,222
2016,48,20,3.2,3.041,54.413,2503,46
2016,49,56,5.2143,5.2072,27.7532,4385,158
2016,50,29,6.5862,1.9493,76.1935,2362,31
2016,51,20,3.9,3.1125,13.9592,684,49
2016,52,50,3.72,2.801,30.6703,2791,91
2016,53,18,2.7222,4.0926,23.1351,1712,74
2016,54,88,4.9886,3.2758,145.705,29141,200
2016,55,56,4.8214,2.5298,58.4321,4733,81
2016,56,26,2.8462,3.1667,46.2656,2961,64
2016,57,59,3.2034,2.2613,50.4769,6562,130
2016,58,59,3.0169,2.0562,75.4357,10561,140
2016,59,49,3.6122,2.2833,35.2632,4690,133
2016,60,23,4.8696,9.442,38.2561,3137,82
2016,61,54,4.537,3.7062,51.122,6288,123
2016,62,24,3.125,2.7486,17.64,882,50
2016,63,40,4.075,3.1292,72.3158,6870,95
2016,64,56,3.7143,2.7976,92.541,11290,122
2016,65,16,2.6875,1.6979,88.8846,2311,26
2016,66,15,3.0,3.2611,84.641,3301,39
2016,67,22,2.7727,2.3308,32.8444,1478,45
2016,68,45,3.5333,2.9833,19.5943,2077,106
2016,69,20,2.35,3.0167,12.3514,914,74
2016,70,32,6.0,3.1774,23.3846,1824,78
2016,71,19,4.6842,2.7789,45.8519,1238,27
2016,72,21,2.8571,2.8849,106.1053,6048,57
2016,73,23,6.0435,1.4306,37.1379,1077,29
2016,74,22,2.6364,2.1364,15.0822,1101,73
2016,75,13,2.9231,1.9154,24.1304,555,23
2016,76,12,3.4167,3.6806,22.4872,877,39
2017,1,285,4.9088,3.1087,84.4933,50696,600
2017,2,196,10.5306,2.5332,47.6455,10482,220
2017,3,60,3.95,3.2622,18.2,2730,150
2017,4,119,4.1513,2.851,30.7459,9439,307
2017,5,70,4.1,3.1619,76.3268,11678,153
2017,6,25,4.64,3.1962,64.3846,3348,52
2017,7,349,4.6676,3.221,68.9817,49046,711
2017,8,160,5.6312,5.2456,54.5646,30829,565
2017,9,474,11.0675,2.2612,53.0529,29073,548
2017,10,52,2.8462,2.7756,15.0357,2526,168
2017,11,63,4.1111,3.1446,77.9533,11693,150
2017,12,124,5.25,3.0328,40.953,9583,234
2017,13,334,5.6407,5.7213,61.0725,69928,1145
2017,14,131,5.9695,4.9812,18.7963,7199,383
2017,15,49,3.5918,2.5978,72.4492,8549,118
2017,16,72,10.875,1.7505,56.194,3765,67
2017,17,35,4.6286,3.6662,55.1406,3529,64
2017,18,144,4.1736,2.8883,66.4067,19922,300
2017,19,40,4.95,5.4242,21.071,3266,155
2017,20,145,6.3517,4.0859,81.5585,27893,342
2017,21,151,3.5099,2.7457,77.0201,26803,348
2017,22,23,8.1304,1.1584,60.2308,783,13
2017,23,53,5.1698,2.9563,39.9933,5959,149
2017,24,35,3.6857,2.6864,45.3239,3218,71
2017,25,63,3.2222,2.1543,38.6752,4525,117
2017,26,113,4.8761,3.3259,136.2941,37072,272
2017,27,52,3.5769,2.525,139.6953,17881,128
2017,28,74,4.3514,4.4266,28.6281,5697,199
2017,29,86,4.6395,3.1143,77.8734,12304,158
2017,30,78,6.8205,1.2777,51.9247,4829,93
2017,31,42,3.8333,4.2317,31.4174,3613,115
2017,32,35,5.7429,1.8329,49.34,2467,50
2017,33,44,4.5682,3.6481,28.9404,4370,151
2017,34,36,4.4722,1.9636,38.7826,1784,46
2017,35,59,6.1864,2.4875,42.9762,3610,84
2017,36,16,5.4375,1.2864,38.625,618,16
2017,37,47,3.1702,2.2169,19.2157,2940,153
2017,38,39,2.7949,2.085,64.6566,6401,99
2017,39,98,4.7143,3.5791,46.9221,10839,231
2017,40,135,5.4741,1.636,49.2237,7482,152
2017,41,43,5.9535,2.9255,17.9765,1528,85
2017,42,28,3.9286,3.4123,35.6832,3604,101
2017,43,64,3.375,3.4033,44.0972,9525,216
2017,44,14,2.9286,1.4853,36.3784,1346,37
2017,45,29,3.6207,3.908,22.3038,1762,79
2017,46,16,4.1875,1.6917,37.1429,780,21
2017,47,49,3.7959,3.2409,71.1034,8248,116
2017,48,22,3.2727,2.328,41.5439,2368,57
2017,49,22,3.9091,2.5742,28.375,908,32
2017,50,36,3.7222,2.4602,111.9487,8732,78
2017,51,21,3.381,3.4841,59.2653,2904,49
2017,52,28,3.3214,2.5964,76.0175,4333,57
2017,53,84,4.0714,2.1228,131.9457,17021,129
2017,54,95,4.5684,3.1689,30.6386,8732,285
2017,55,40,3.95,2.9642,48.7579,4632,95
2017,56,103,4.2524,3.3224,94.8077,24650,260
2017,57,58,3.4655,2.7727,18.5203,2278,123
2017,58,35,7.1143,1.6776,39.4595,1460,37
2017,59,80,4.5375,3.8584,163.3575,33815,207
2017,60,66,4.803,2.6465,52.6289,5105,97
2017,61,72,4.1806,2.7593,115.1342,17155,149
2017,62,55,4.3818,2.4163,45.989,4185,91
2017,63,36,4.1389,2.8278,20.9902,2141,102
2017,64,58,5.3448,5.5377,37.3135,6903,185
2017,65,16,5.9375,2.5944,20.6957,476,23
2017,66,20,4.0,3.3292,13.8431,706,51
2017,67,53,3.7547,3.0151,31.7593,3430,108
2017,68,67,4.6269,3.0794,32.2402,6577,204
2017,69,20,2.95,4.125,22.5385,1758,78
2017,70,17,2.8235,4.2118,41.2642,2187,53
2017,71,60,3.2667,2.3389,43.3022,6019,139
2017,72,13,3.9231,4.8974,21.2188,679,32
2017,73,29,5.1379,8.9759,37.5146,3864,103
2017,74,51,5.0196,4.0631,44.5323,5522,124
2017,75,19,2.8947,3.5088,12.4348,858,69
2017,76,24,3.5833,2.5403,26.7083,1282,48
2017,77,27,4.1852,1.5628,43.6591,1921,44
2017,78,29,3.0,2.1782,60.9875,4879,80
2017,79,25,4.24,2.6047,30.0976,1234,41
2017,80,21,3.381,3.3056,75.5,3926,52
2017,81,25,4.16,1.805,62.0278,2233,36
2017,82,21,4.2381,3.2857,94.5192,4915,52
2017,83,39,3.4615,3.0043,19.6842,1870,95
2017,84,44,3.1591,2.3491,76.3762,7714,101
2017,85,24,3.9167,3.5208,16.2698,1025,63
2017,86,19,4.6842,2.9368,45.8621,1330,29
2017,87,23,3.2609,3.029,34.3167,2059,60
2017,88,10,3.5,1.7306,19.5714,411,21
2017,89,13,3.3077,2.6667,84.75,2712,32
2017,90,15,3.1333,2.4333,101.5862,2946,29
2017,91,20,2.6,2.7333,33.4474,2542,76
2017,92,13,2.6923,1.859,77.8571,1635,21
2018,1,153,5.7843,4.7835,17.6721,7599,430
2018,2,141,4.1277,3.1304,31.9171,12320,386
2018,3,69,4.4203,4.2737,23.3436,5299,227
2018,4,74,3.4865,3.542,40.92,10230,250
2018,5,63,2.8571,2.8148,14.3646,2758,192
2018,6,52,3.8077,2.6271,19.7211,2899,147
2018,7,194,5.2732,3.2661,84.0025,33097,394
2018,8,69,3.3768,2.4589,42.4323,6577,155
2018,9,156,4.6218,2.96,28.5654,12226,428
2018,10,35,3.1714,2.5256,36.6667,2530,69
2018,11,53,4.0,3.4599,40.5652,8397,207
2018,12,39,3.4615,3.094,14.97,1497,100
2018,13,57,4.9649,2.9593,37.0299,6184,167
2018,14,274,5.8723,4.5472,50.4784,42099,834
2018,15,148,5.5743,1.7197,48.5058,8343,172
2018,16,76,10.5526,1.7744,52.6533,3949,75
2018,17,197,6.1726,4.8434,32.1752,18919,588
2018,18,23,2.8261,3.9783,21.5765,1834,85
2018,19,60,5.5333,5.9428,41.8186,8531,204
2018,20,71,3.3239,2.2663,33.3566,4770,143
2018,21,50,3.56,2.2392,18.973,2808,148
2018,22,46,4.7826,3.9917,28.4663,4640,163
2018,23,30,3.6667,3.9611,23.0617,1868,81
2018,24,18,2.7778,4.2,40.0182,2201,55
2018,25,176,4.5625,3.2915,21.3608,8288,388
2018,26,59,3.6271,2.8952,18.875,2416,128
2018,27,195,3.6,2.7437,74.327,31143,419
2018,28,25,4.68,3.2162,64.2453,3405,53
2018,29,43,4.4419,2.812,69.2917,6652,96
2018,30,9,2.8889,2.8,14.5333,218,15
2018,31,75,4.7467,2.5667,53.5897,6270,117
2018,32,57,5.8772,2.5128,42.5875,3407,80
2018,33,77,3.8961,2.8001,71.0056,12639,178
2018,34,152,4.5855,3.671,112.7623,43639,387
2018,35,25,3.2,2.55,38.6515,2551,66
2018,36,70,4.4571,4.532,26.922,5519,205
2018,37,279,4.7921,3.3194,67.7098,39204,579
2018,38,72,4.2778,3.09,105.2061,17359,165
2018,39,171,4.538,3.3212,96.9805,44805,462
2018,40,13,4.0769,5.1538,21.0882,717,34
2018,41,190,4.1053,3.0924,67.0323,29025,433
2018,42,98,4.9286,3.303,83.6749,16986,203
2018,43,63,4.5397,2.4545,44.3571,4968,112
2018,44,79,4.4684,2.961,103.8827,16829,162
2018,45,13,2.7692,1.8974,77.8571,1635,21
2018,46,260,5.5231,5.705,69.0778,63897,925
2018,47,196,6.6531,4.179,81.6947,36926,452
2018,48,429,12.8089,2.3324,56.069,26016,464
2018,49,50,4.88,3.9214,115.697,15272,132
2018,50,47,4.0,4.1394,30.1212,3976,132
2018,51,62,3.8226,2.7927,98.7465,14022,142
2018,52,41,4.6829,3.6215,57.0633,4508,79
2018,53,38,3.1842,2.3347,67.4505,6138,91
2018,54,15,2.8,1.8378,20.4483,593,29
2018,55,86,5.1512,2.8622,140.2787,25671,183
2018,56,48,3.875,2.1741,44.52,3339,75
2018,57,27,2.7778,1.8759,63.2571,4428,70
2018,58,99,4.2525,3.3176,92.1917,22126,240
2018,59,79,3.7722,2.9259,66.2609,12192,184
2018,60,45,3.8,2.6741,50.6136,4454,88
2018,61,37,3.6486,2.7937,91.0286,6372,70
2018,62,37,4.2162,1.5529,47.9298,2732,57
2018,63,241,10.971,2.5297,44.6717,11838,265
2018,64,76,5.7105,2.7596,65.304,8163,125
2018,65,25,4.32,1.7608,40.7143,1425,35
2018,66,25,4.12,4.0067,14.6957,1014,69
2018,67,30,5.7667,4.3465,46.623,2844,61
2018,68,54,3.6667,3.3642,21.8102,2988,137
2018,69,29,3.5517,3.4943,47.2727,3120,66
2018,70,43,3.8605,3.507,30.9143,3246,105
2018,71,29,4.4483,1.9807,61.0682,2687,44
2018,72,72,5.6111,3.458,51.0305,6685,131
2018,73,31,2.9355,2.1882,63.5765,5404,85
2018,74,46,5.1304,3.2361,16.1066,1965,122
2018,75,20,4.0,3.4292,13.6346,709,52
2018,76,114,9.1404,2.1889,48.2164,8245,171
2018,77,39,3.4872,2.4363,225.6506,18729,83
2018,78,23,3.5217,3.4326,65.0588,4424,68
2018,79,25,3.76,2.6733,25.1429,1232,49
2018,80,16,4.75,3.5094,20.6667,682,33
2018,81,20,4.95,2.99,46.1613,1431,31
2018,82,12,3.5833,4.0,22.5476,947,42
2018,83,18,6.5,2.5217,36.7027,1358,37
2018,84,14,3.0,1.489,36.3784,1346,37
2018,85,14,3.6429,3.119,98.4359,3839,39
2018,86,83,5.7108,2.3522,51.2075,5428,106
2018,87,53,4.6415,1.9751,26.8209,1797,67
2018,88,32,6.8125,2.026,63.5714,2225,35
2018,89,63,8.8571,1.3708,53.0602,4404,83
2018,90,31,8.5161,1.7812,31.4062,1005,32
2018,91,34,5.0294,8.1676,37.7826,4345,115
2018,92,20,4.25,1.89,38.3448,1112,29
2018,93,33,3.8182,1.7133,64.04,3202,50
2018,94,35,6.8,1.2732,63.0741,1703,27
2018,95,20,3.9,2.7708,26.9048,1130,42
2018,96,16,5.4375,1.2864,38.625,618,16
2018,97,20,4.3,3.2583,35.7143,1750,49
2018,98,34,4.6765,1.1195,43.9512,1802,41
2019,1,271,4.9889,3.7568,19.9678,13039,653
2019,2,154,4.3506,3.2192,35.7961,14748,412
2019,3,79,4.6203,4.0979,19.8922,4615,232
2019,4,55,3.2364,3.2276,19.6198,3767,192
2019,5,73,3.0548,2.976,14.6476,3325,227
2019,6,117,3.6667,2.4887,19.4671,6502,334
2019,7,89,4.7865,2.6397,48.5882,7434,153
2019,8,80,3.325,2.5208,43.1333,7764,180
2019,9,99,5.404,3.448,33.0899,9199,278
2019,10,54,3.2037,2.4141,34.1429,3824,112
2019,11,109,4.8073,3.5165,30.2892,11207,370
2019,12,43,3.3721,3.1202,15.3545,1689,110
2019,13,97,4.3608,3.0228,28.4086,7301,257
2019,14,105,3.781,3.1218,25.3282,6636,262
2019,15,300,5.71,4.4625,45.0803,40978,909
2019,16,116,5.8362,1.7924,52.6519,7108,135
2019,17,86,10.0116,1.7262,48.8068,4295,88
2019,18,522,5.8199,5.3642,50.1812,87215,1738
2019,19,23,2.913,4.1957,20.5444,1849,90
2019,20,86,4.8721,5.4868,40.0387,11371,284
2019,21,151,4.0728,3.6071,20.7399,8213,396
2019,22,56,4.1786,3.7245,37.831,5372,142
2019,23,18,2.4444,2.1944,9.8194,707,72
2019,24,126,5.2857,3.3041,23.4746,6925,295
2019,25,72,4.25,2.9764,98.8912,14537,147
2019,26,46,4.413,2.9257,68.6757,7623,111
2019,27,59,6.2712,2.5627,44.3371,3946,89
2019,28,67,5.7313,3.1089,21.25,2890,136
2019,29,54,3.7593,2.6791,67.6912,9206,136
2019,30,108,4.9907,3.9944,101.2724,29369,290
2019,31,30,3.2333,2.45,36.8082,2687,73
2019,32,67,4.6567,3.6632,61.1792,10584,173
2019,33,236,4.8941,3.1279,106.7364,57104,535
2019,34,247,4.664,3.5307,90.5265,58118,642
2019,35,127,4.2992,2.7905,87.0649,22811,262
2019,36,20,5.85,4.45,19.225,769,40
2019,37,122,4.623,2.983,76.2366,21270,279
2019,38,23,4.2174,4.6341,92.8442,7149,77
2019,39,240,5.5875,3.5326,93.4953,50207,537
2019,40,77,4.8052,2.6264,38.3178,4943,129
2019,41,60,4.1333,3.0764,69.9935,10779,154
2019,42,179,4.4469,3.4302,60.8306,25853,425
2019,43,229,4.9258,3.4644,64.3203,31324,487
2019,44,13,2.7692,2.2051,69.3333,1664,24
2019,45,34,3.5882,1.9043,33.5484,2080,62
2019,46,215,6.8651,4.2161,80.7621,41754,517
2019,47,473,12.9429,2.3122,53.2766,27544,517
2019,48,47,5.2766,4.2547,111.2239,14904,134
2019,49,49,4.0612,4.1532,29.3741,4083,139
2019,50,44,5.0682,3.9273,56.2211,5341,95
2019,51,48,3.9583,2.5774,63.3578,6906,109
2019,52,36,3.25,1.7497,43.7727,2889,66
2019,53,55,4.0182,2.0926,45.3708,4038,89
2019,54,10,2.7,1.3867,30.3846,395,13
2019,55,30,3.0667,1.9161,61.0909,4704,77
2019,56,27,4.8519,3.6846,124.9868,9499,76
2019,57,77,4.0519,3.2719,54.8705,10590,193
2019,58,49,2.9592,3.6006,23.9176,4353,182
2019,59,49,3.7959,2.6599,49.0588,5004,102
2019,60,32,4.1562,2.9097,78.9589,5764,73
2019,61,59,3.8305,2.6376,85.3469,8364,98
2019,62,40,4.325,1.6427,47.371,2937,62
2019,63,44,3.6818,2.7242,104.3069,10535,101
2019,64,259,11.0347,2.513,42.7562,12100,283
2019,65,83,6.253,2.9976,54.3623,7502,138
2019,66,29,4.3793,4.3069,13.4756,1105,82
2019,67,45,5.4889,3.9569,55.5851,5225,94
2019,68,79,4.1266,3.2954,53.9532,9226,171
2019,69,18,2.7778,3.0833,27.0233,1162,43
2019,70,86,3.8488,3.424,33.5854,6885,205
2019,71,21,4.6667,1.9063,56.2,1686,30
2019,72,32,4.5312,2.0554,62.7778,2825,45
2019,73,118,6.3305,3.1182,50.7081,9381,185
2019,74,32,2.9688,2.276,62.2472,5540,89
2019,75,71,5.169,3.6212,41.5862,6030,145
2019,76,129,9.3876,2.1356,47.6845,8917,187
2019,77,39,4.8974,2.7839,40.4068,2384,59
2019,78,29,4.0,1.9713,319.0345,18504,58
2019,79,20,3.7,3.7975,64.9649,3703,57
2019,80,27,4.1481,2.8951,25.5893,1433,56
2019,81,20,4.95,3.04,44.303,1462,33
2019,82,51,3.7843,3.3088,60.4018,6765,112
2019,83,20,6.5,2.5145,34.4878,1414,41
2019,84,27,3.8148,2.3685,104.549,5332,51
2019,85,15,3.5333,1.5453,36.475,1459,40
2019,86,15,3.6667,3.0111,92.3333,3878,42
2019,87,103,5.7767,2.5204,46.3696,6399,138
2019,88,55,4.6545,1.9911,26.2361,1889,72
2019,89,91,7.8132,1.3749,45.1393,5507,122
2019,90,22,5.1818,2.003,36.1111,975,27
2019,91,40,8.0,1.8556,36.1429,1518,42
2019,92,25,5.36,10.988,36.6759,3961,108
2019,93,25,4.04,1.984,36.359,1418,39
2019,94,36,6.6667,1.2517,61.1071,1711,28
2019,95,44,4.4773,2.4981,24.5217,1692,69
2019,96,17,5.2353,1.2276,37.4118,636,17
2019,97,25,4.32,3.4667,34.6667,2080,60
2019,98,14,4.0,1.7915,128.1176,2178,17
2019,99,23,4.2609,1.6879,31.5,1008,32
2019,100,35,4.7714,1.1482,41.0,1845,45
2019,101,17,3.0,3.1137,28.35,1134,40
2019,102,20,4.05,1.8718,42.3226,1312,31
2019,103,22,5.9091,2.9202,18.4545,609,33
2019,104,8,3.75,1.9542,15.4545,170,11
2020,1,217,4.6866,3.2882,21.8429,12516,573
2020,2,179,5.7263,4.7733,16.586,7812,471
2020,3,139,4.5036,3.4179,35.0051,13827,395
2020,4,62,4.7742,4.5839,20.5742,4300,209
2020,5,116,3.9397,3.7418,22.3073,9146,410
2020,6,334,6.3473,3.9061,39.1028,33081,846
2020,7,85,2.9765,2.9841,13.7922,3517,255
2020,8,79,4.0127,2.936,23.0411,5046,219
2020,9,47,3.7447,2.3628,62.5588,6381,102
2020,10,84,3.3333,2.5794,43.1543,8113,188
2020,11,212,4.1368,3.0684,27.5857,15448,560
2020,12,54,3.2037,2.5342,36.0932,4259,118
2020,13,60,4.4833,3.5476,38.8375,9321,240
2020,14,44,3.5,3.3144,15.2941,1820,119
2020,15,103,4.0,3.2988,21.9211,5831,266
2020,16,121,5.7686,1.8032,49.8552,7229,145
2020,17,135,8.6444,1.8431,36.6194,5676,155
2020,18,527,6.2751,5.438,51.0272,86287,1691
2020,19,41,3.4878,3.403,22.8824,3112,136
2020,20,145,4.8345,6.0144,42.3115,24583,581
2020,21,77,3.4286,2.4369,29.7168,5141,173
2020,22,73,3.5616,2.3154,17.7865,3415,192
2020,23,68,4.4265,3.5105,35.3,5648,160
2020,24,33,3.4545,2.5354,14.8992,1922,129
2020,25,18,2.7778,4.3889,33.4912,1909,57
2020,26,158,5.5,3.6415,20.4058,7693,377
2020,27,69,3.6522,2.7476,70.6974,10746,152
2020,28,93,4.4624,3.1842,78.4916,18681,238
2020,29,94,3.9894,2.2128,35.4233,6695,189
2020,30,125,5.064,3.3511,52.5382,13082,249
2020,31,59,6.3559,2.6158,42.4222,3818,90
2020,32,59,4.7119,6.4678,35.0233,6024,172
2020,33,177,5.0904,3.9728,110.9193,53574,483
2020,34,90,4.6778,4.192,23.7527,6532,275
2020,35,66,4.9091,3.8096,59.2033,10775,182
2020,36,295,4.6136,3.4837,86.1022,61477,714
2020,37,189,5.0794,2.7577,82.7679,32445,392
2020,38,20,5.95,4.82,18.2791,786,43
2020,39,179,6.8268,4.2926,76.2814,32801,430
2020,40,223,5.3094,3.3236,91.4455,50295,550
2020,41,258,5.9496,3.7828,79.8058,46447,582
2020,42,96,4.7292,3.6341,71.8112,17881,249
2020,43,52,4.9808,3.011,110.47,11047,100
2020,44,113,4.4779,2.46,42.4824,8454,199
2020,45,114,5.2456,3.9506,58.1453,17211,296
2020,46,242,5.3223,3.7481,59.5055,32490,546
2020,47,51,3.9412,3.3268,47.292,6479,137
2020,48,43,4.093,1.9275,33.3857,2337,70
2020,49,530,13.4868,2.3856,50.5722,29433,582
2020,50,143,6.049,3.7103,61.9674,20883,337
2020,51,109,5.0734,3.684,85.4851,22910,268
2020,52,59,3.8475,2.0329,41.5914,3868,93
2020,53,52,4.0385,4.0098,28.6395,4210,147
2020,54,118,4.1441,2.7579,65.8812,17195,261
2020,55,23,3.6522,2.287,41.5581,1787,43
2020,56,48,4.25,1.683,45.3846,4130,91
2020,57,23,3.6522,1.8829,34.2157,1745,51
2020,58,24,3.5833,1.7145,83.5938,2675,32
2020,59,104,4.8462,3.0958,92.6792,24560,265
2020,60,27,3.037,1.9438,51.4429,3601,70
2020,61,65,3.8308,2.6121,83.875,9394,112
2020,62,81,4.2222,2.7654,29.0424,4792,165
2020,63,274,10.8358,2.5529,42.2516,13267,314
2020,64,76,6.7763,3.0911,56.8361,6934,122
2020,65,33,4.4545,4.4596,13.5326,1245,92
2020,66,133,4.8496,3.6556,42.586,13372,314
2020,67,63,4.1429,2.586,176.9237,23177,131
2020,68,19,2.8947,3.1447,27.75,1221,44
2020,69,50,4.1,2.6205,89.0556,9618,108
2020,70,46,4.2391,3.033,77.3939,7662,99
2020,71,46,3.7174,3.1366,38.4434,4075,106
2020,72,31,4.5806,1.7645,46.7561,1917,41
2020,73,56,4.3929,3.6863,28.9786,4057,140
2020,74,33,4.5152,2.1446,59.7917,2870,48
2020,75,38,3.1316,2.157,60.5833,5816,96
2020,76,104,5.375,3.5376,19.8455,4882,246
2020,77,51,4.5882,3.0743,77.1145,10102,131
2020,78,37,3.7568,2.9518,90.9362,8548,94
2020,79,172,9.3198,2.0719,46.9333,10560,225
2020,80,36,4.3056,2.4204,20.3333,1220,60
2020,81,24,3.9167,3.5118,63.5246,3875,61
2020,82,14,3.7857,1.3459,64.25,1028,16
2020,83,36,4.0833,2.7037,22.1765,1508,68
2020,84,30,5.1,2.689,41.9211,1593,38
2020,85,23,3.7826,2.9275,33.6071,1882,56
2020,86,41,5.4878,3.2502,28.4559,1935,68
2020,87,23,3.8261,2.1703,48.7059,1656,34
2020,88,18,4.2778,2.9889,86.1277,4048,47
2020,89,48,6.2292,2.9877,57.6207,5013,87
2020,90,52,6.6731,2.4085,32.9508,2010,61
2020,91,17,3.1765,2.2304,31.8,795,25
2020,92,41,6.3902,2.0802,62.4565,2873,46
2020,93,24,3.125,1.8809,28.8485,952,33
2020,94,27,4.1111,2.0309,31.9459,1182,37
2020,95,81,7.0494,1.3866,40.4174,4648,115
2020,96,23,5.5652,2.1285,35.9655,1043,29
2020,97,39,8.0769,1.8754,36.9024,1513,41
2020,98,17,4.3529,1.1745,26.1053,496,19
2020,99,11,3.5455,0.8054,43.0714,603,14
2020,100,36,3.8611,2.0005,35.2321,1973,56
2020,101,41,7.878,1.2705,54.5152,1799,33
2020,102,17,5.2353,1.2276,37.4118,636,17
2020,103,27,4.5185,3.7593,36.918,2252,61
2020,104,23,4.2609,1.6879,31.5,1008,32
2020,105,35,4.7714,1.1482,41.0,1845,45
2020,106,31,2.9355,1.7968,43.5094,2306,53
2020,107,20,6.55,2.8031,32.3171,1325,41
2020,108,24,3.9167,2.1165,48.0976,1972,41
2020,109,22,4.5,1.9532,39.9459,1478,37
2020,110,12,3.25,2.7111,21.4194,664,31
2021,1,84,4.4881,2.8683,16.2457,3769,232
2021,2,218,5.4725,4.6133,23.2392,14478,623
2021,3,201,4.4726,3.2564,36.4237,18139,498
2021,4,81,4.8025,4.5103,21.9242,6073,277
2021,5,87,3.8276,3.9634,42.2085,12958,307
2021,6,72,5.1389,3.049,17.7901,2882,162
2021,7,90,3.0222,3.0776,12.9894,3663,282
2021,8,120,3.725,2.8176,17.0831,5552,325
2021,9,207,5.9179,3.3856,64.4128,29179,453
2021,10,90,3.3778,2.5713,41.0099,8325,203
2021,11,308,4.461,3.1023,25.9308,23234,896
2021,12,67,3.5224,2.7184,40.5306,5958,147
2021,13,173,5.3815,3.3953,27.7914,12923,465
2021,14,54,3.7778,3.0831,25.0878,3713,148
2021,15,106,4.4057,3.1382,26.9635,8116,301
2021,16,79,4.7215,3.9603,23.9862,5205,217
2021,17,349,6.6848,4.0775,38.4032,33526,873
2021,18,69,4.3188,1.6389,38.7172,3833,99
2021,19,149,5.5101,1.9265,41.395,8279,200
2021,20,159,7.9937,1.7074,33.7821,6047,179
2021,21,230,6.8739,5.1068,29.535,20704,701
2021,22,48,3.7917,3.3582,21.9804,3363,153
2021,23,171,4.7836,5.9604,40.835,27972,685
2021,24,36,3.1944,2.9551,17.9439,1920,107
2021,25,57,4.7018,4.5181,24.9352,5386,216
2021,26,100,4.25,3.0315,19.0776,4178,219
2021,27,83,4.241,2.8562,28.8408,4528,157
2021,28,121,5.5041,3.6909,18.2258,5650,310
2021,29,71,3.8592,3.0642,69.9273,11538,165
2021,30,47,4.6383,3.1613,60.9744,7134,117
2021,31,134,5.5896,3.5484,40.0381,11571,289
2021,32,131,5.7786,3.5585,52.5551,13349,254
2021,33,67,6.4925,2.5576,45.0962,4690,104
2021,34,39,3.7692,2.1812,18.4259,995,54
2021,35,138,5.5652,4.4032,103.3596,41964,406
2021,36,79,4.0506,2.1081,38.3949,6028,157
2021,37,89,4.6517,4.3089,23.3542,6726,288
2021,38,719,5.6509,3.7759,64.1698,108447,1690
2021,39,245,4.8122,3.6644,79.7978,50512,633
2021,40,277,6.3863,2.7368,75.1678,42996,572
2021,41,23,6.1304,4.6087,18.0625,867,48
2021,42,59,5.5932,4.0808,62.1472,10130,163
2021,43,167,5.0838,3.3002,83.7239,33657,402
2021,44,137,4.7518,2.4093,35.0465,7535,215
2021,45,148,5.2027,3.7412,61.4346,24881,405
2021,46,155,6.0774,4.138,75.139,30281,403
2021,47,202,6.6337,4.0609,68.2958,30938,453
2021,48,328,5.5701,5.606,59.2997,67661,1141
2021,49,90,4.2444,3.2069,61.5398,13908,226
2021,50,394,5.599,2.4845,47.7725,28138,589
2021,51,697,13.4175,2.3625,44.0663,33887,769
2021,52,96,5.6146,4.1205,89.125,22816,256
2021,53,22,3.0,1.6212,17.6667,583,33
2021,54,58,4.1379,3.9059,27.535,4323,157
2021,55,80,4.225,3.0822,83.6392,16226,194
2021,56,171,4.3333,2.9652,65.0047,27692,426
2021,57,57,3.6842,2.3512,51.7064,5636,109
2021,58,112,5.3393,2.0825,37.2806,7307,196
2021,59,24,3.5833,1.8461,33.9434,1799,53
2021,60,119,5.3445,3.2449,62.956,15739,250
2021,61,74,3.9189,2.5691,76.854,10529,137
2021,62,78,4.2949,2.8141,25.3333,4104,162
2021,63,251,11.8566,2.5128,41.9399,11869,283
2021,64,33,4.4545,4.6869,13.0825,1269,97
2021,65,64,5.4219,3.6885,55.9389,7328,131
2021,66,68,4.1471,2.6328,154.2961,23453,152
2021,67,20,2.85,3.1875,25.22,1261,50
2021,68,45,4.2222,2.4676,57.8696,5324,92
2021,69,100,4.5,3.6544,24.9702,5868,235
2021,70,36,4.5833,2.0969,58.7692,3056,52
2021,71,45,3.6667,2.2338,56.5048,5933,105
2021,72,18,2.5556,1.713,23.5,658,28
2021,73,61,4.6885,3.5013,77.9156,11999,154
2021,74,28,3.5714,2.0482,23.2045,1021,44
2021,75,55,3.8364,2.7607,78.9015,10415,132
2021,76,55,4.4182,2.1008,24.1848,2225,92
2021,77,65,6.2615,1.6339,46.8333,3934,84
2021,78,53,5.6226,3.3679,34.1837,3350,98
2021,79,34,3.1471,2.8819,53.2059,3618,68
2021,80,30,3.7,3.1452,57.5479,4201,73
2021,81,136,12.1985,2.4071,46.1829,8082,175
2021,82,16,3.625,1.2158,59.6111,1073,18
2021,83,41,4.0244,2.6707,21.0235,1787,85
2021,84,46,4.587,1.3621,39.8548,2471,62
2021,85,31,5.129,2.8388,39.5122,1620,41
2021,86,34,4.2647,2.9203,57.6104,4436,77
2021,87,28,3.75,2.2185,55.9268,2293,41
2021,88,10,2.8,2.0833,90.3846,1175,13
2021,89,102,6.1863,5.3541,41.9504,10991,262
2021,90,52,3.8462,2.0418,27.1646,2146,79
2021,91,14,2.9286,1.4274,14.3333,344,24
2021,92,43,6.6279,2.0352,53.7708,2581,48
2021,93,105,8.6857,1.5321,43.0392,6585,153
2021,94,23,5.5652,2.1285,35.9655,1043,29
2021,95,31,8.3871,1.7433,31.4839,976,31
2021,96,27,4.2963,2.3185,87.2742,5411,62
2021,97,22,6.2727,3.697,77.8571,3270,42
2021,98,29,4.2069,2.1264,44.2059,1503,34
2021,99,43,4.1163,2.1849,33.3582,2235,67
2021,100,30,7.9,1.2336,56.1667,1685,30
2021,101,36,6.2778,1.445,50.6129,1569,31
2021,102,17,5.2353,1.2276,37.4118,636,17
2021,103,24,4.0,3.0935,15.9327,1657,104
2021,104,25,4.48,1.6915,30.7059,1044,34
2021,105,35,3.4857,2.1524,39.0781,2501,64
2021,106,33,3.1818,1.9768,69.75,4185,60
2021,107,27,3.2222,2.2937,57.2885,2979,52
2021,108,15,3.6,3.1444,47.7742,1481,31
2021,109,9,3.6667,1.6583,9.7273,107,11
2021,110,18,3.8333,2.3565,12.1795,475,39
2022,1,50,4.8,3.4569,12.8,1792,140
2022,2,245,5.6,4.6287,19.07,12796,671
2022,3,178,4.7303,3.3942,34.4862,16243,471
2022,4,62,5.2419,5.3024,21.9174,5304,242
2022,5,100,3.92,4.0182,38.3746,13623,355
2022,6,523,6.9063,3.9287,32.6495,41726,1278
2022,7,91,2.989,2.9128,11.8834,3363,283
2022,8,69,4.1304,2.9441,17.5321,3822,218
2022,9,109,4.3119,3.2154,32.9923,8545,259
2022,10,93,3.4194,2.6246,39.7156,8380,211
2022,11,254,4.7913,3.3404,30.0984,22032,732
2022,12,47,4.6809,2.8791,38.6838,4526,117
2022,13,60,3.7,2.2586,23.7323,3014,127
2022,14,135,5.6222,3.9036,22.1398,10295,465
2022,15,69,4.0725,2.8977,22.3876,3985,178
2022,16,105,4.4571,3.1225,20.6625,6612,320
2022,17,98,4.551,1.7704,34.4571,4824,140
2022,18,132,5.0606,1.8248,33.6129,6252,186
2022,19,166,7.8494,1.7056,32.3927,6187,191
2022,20,274,6.646,4.9633,27.7904,22010,792
2022,21,40,3.8,3.3905,23.007,3290,143
2022,22,193,4.4456,5.6319,39.2615,28229,719
2022,23,47,3.9574,2.0079,35.701,3463,97
2022,24,112,4.1964,2.7606,14.2088,4220,297
2022,25,70,4.4286,4.3568,21.7786,6098,280
2022,26,124,4.2661,3.026,32.3726,8514,263
2022,27,39,4.2051,2.6438,14.5379,2108,145
2022,28,197,5.6294,3.591,28.1988,13620,483
2022,29,88,4.1705,3.1179,18.5873,3513,189
2022,30,386,8.0648,2.6956,71.2824,55529,779
2022,31,52,5.0962,3.4503,55.8346,7426,133
2022,32,133,4.4211,2.4197,32.0338,8521,266
2022,33,73,6.6712,3.2697,26.6514,2905,109
2022,34,68,6.4412,2.5523,44.3458,4745,107
2022,35,39,3.7949,2.2303,17.8421,1017,57
2022,36,56,5.5179,3.0192,80.1339,10177,127
2022,37,193,5.513,4.11,99.1287,53926,544
2022,38,128,5.0156,4.1657,18.9944,6781,357
2022,39,590,5.5356,3.7737,65.3338,91010,1393
2022,40,267,5.3109,3.5501,75.6737,53804,711
2022,41,22,6.4091,4.8045,17.8163,873,49
2022,42,76,5.5,3.8515,55.03,11006,200
2022,43,54,4.7778,2.7116,50.381,6348,126
2022,44,325,6.3446,4.1236,71.7521,61061,851
2022,45,72,6.0694,3.5011,79.9877,12958,162
2022,46,169,5.0355,2.5221,33.1908,8696,262
2022,47,62,3.1613,2.7376,42.2357,5913,140
2022,48,217,4.553,3.0735,61.3762,31486,513
2022,49,56,5.3571,3.1482,78.75,11025,140
2022,50,116,5.8793,3.9971,55.1399,16156,293
2022,51,383,6.9713,4.1683,57.4269,54211,944
2022,52,210,6.1619,5.2946,67.2949,43136,641
2022,53,82,4.2561,3.1031,49.9953,10649,213
2022,54,432,5.6713,2.5226,44.7291,28895,646
2022,55,1063,16.1881,2.2655,40.913,44677,1092
2022,56,109,6.7248,3.9648,109.3945,31615,289
2022,57,22,3.0,1.6515,17.2353,586,34
2022,58,59,4.1017,3.8905,27.175,4348,160
2022,59,113,4.3805,3.0957,77.2007,22697,294
2022,60,41,6.1951,4.8106,52.5268,5883,112
2022,61,107,5.8505,1.9361,45.6446,7577,166
2022,62,29,3.5172,1.8899,33.9153,2001,59
2022,63,60,4.55,3.1223,89.331,12953,145
2022,64,120,5.3833,3.2609,59.5118,15116,254
2022,65,81,4.3457,2.9093,24.4545,4304,176
2022,66,329,11.8237,2.5923,34.9944,12458,356
2022,67,39,4.0,2.5021,37.5484,2328,62
2022,68,34,4.5588,4.6961,12.6471,1290,102
2022,69,76,5.1974,4.0129,36.1602,6545,181
2022,70,68,3.9559,2.3462,160.8176,23801,148
2022,71,20,2.85,3.2875,25.0392,1277,51
2022,72,75,4.88,4.0484,64.4286,11726,182
2022,73,208,4.7981,5.3632,43.9905,32333,735
2022,74,91,4.9121,4.3063,18.7165,4885,261
2022,75,71,4.0141,2.2614,19.4295,2895,149
2022,76,38,4.7632,2.0567,56.6429,3172,56
2022,77,102,5.7353,3.8321,43.487,10002,230
2022,78,84,3.7143,2.0168,35.6475,4955,139
2022,79,20,3.45,2.15,87.44,2186,25
2022,80,71,3.831,2.2986,72.5935,8929,123
2022,81,18,2.5556,1.713,23.5,658,28
2022,82,32,3.7812,2.1365,36.0185,1945,54
2022,83,82,5.2439,3.6213,76.57,15314,200
2022,84,29,3.5517,2.0098,23.1522,1065,46
2022,85,31,4.1613,2.8207,50.519,3991,79
2022,86,54,3.8704,2.862,73.626,9645,131
2022,87,101,4.5941,2.259,23.1092,4021,174
2022,88,28,4.9643,2.8284,41.2778,1486,36
2022,89,71,6.5634,1.6664,46.2614,4071,88
2022,90,54,6.2407,3.5745,42.3707,4915,116
2022,91,37,3.1892,2.9,58.5526,4450,76
2022,92,16,3.375,1.7021,39.6667,833,21
2022,93,16,3.625,1.2158,59.6111,1073,18
2022,94,68,4.8676,3.4005,29.3264,4223,144
2022,95,22,3.5455,3.3917,42.3478,1948,46
2022,96,69,4.1594,1.241,32.1134,3115,97
2022,97,35,5.6286,2.8062,36.9773,1627,44
2022,98,32,6.3125,2.3899,32.3077,2100,65
2022,99,35,5.6857,3.581,110.4286,6957,63
2022,100,28,3.8929,2.2792,52.6591,2317,44
2022,101,20,4.05,3.0167,81.6667,4165,51
2022,102,56,7.9821,1.2965,40.2787,2457,61
2022,103,20,3.05,2.0325,15.2432,564,37
2022,104,55,5.7455,2.0532,44.6087,3078,69
2022,105,23,5.5652,2.1285,34.0645,1056,31
2022,106,31,8.3871,1.7433,31.4839,976,31
2022,107,47,5.4468,8.207,30.6529,5211,170
2022,108,28,3.75,2.9318,23.6623,1822,77
2022,109,31,4.1935,2.1613,42.0833,1515,36
2022,110,53,4.0566,2.2947,30.3951,2462,81
2022,111,36,6.2778,1.445,50.6129,1569,31
2022,112,72,6.2222,3.3073,33.9048,4984,147
2022,113,20,5.0,1.1219,34.7619,730,21
2022,114,41,3.8049,2.4106,35.2237,2677,76
2022,115,31,3.2258,2.4977,73.3226,4546,62
2022,116,47,3.766,2.1762,11.2151,1043,93
2022,117,9,3.6667,1.6583,9.7273,107,11
2022,118,7,3.1429,0.8741,65.3333,392,6
2023,1,62,4.6129,3.7526,17.8667,3752,210
2023,2,291,5.4674,4.5158,17.564,13173,750
2023,3,209,4.7703,3.2998,31.8805,17343,544
2023,4,427,5.7963,2.6471,50.7677,42188,831
2023,5,180,4.1,4.1779,32.7802,21176,646
2023,6,54,5.2963,2.8759,15.0112,1336,89
2023,7,100,3.08,2.8996,11.0455,3402,308
2023,8,75,4.0533,3.0364,16.6723,3968,238
2023,9,308,6.3636,3.5127,56.6667,39610,699
2023,10,151,4.0464,3.0199,43.7065,16084,368
2023,11,276,4.9094,3.3299,28.4341,22008,774
2023,12,57,3.2982,2.5438,34.0342,3982,117
2023,13,31,3.0645,2.0822,13.1333,985,75
2023,14,154,4.5779,3.9919,24.023,13549,564
2023,15,82,4.1463,2.8328,21.6633,4246,196
2023,16,101,4.6139,3.3046,20.5,6478,316
2023,17,243,5.5638,5.1869,41.3008,35147,851
2023,18,311,4.4051,2.476,28.4214,15376,541
2023,19,2262,12.3435,2.1885,37.6091,90525,2407
2023,20,745,6.0725,5.684,43.1421,102031,2365
2023,21,289,7.5087,4.0644,25.8485,19619,759
2023,22,65,3.8,2.4526,32.3243,4784,148
2023,23,54,3.6111,2.5545,15.6357,2017,129
2023,24,179,4.257,2.7987,29.4373,11039,375
2023,25,71,4.5211,2.8339,16.3921,3721,227
2023,26,246,5.2642,3.3425,18.8238,10899,579
2023,27,147,4.0952,3.0709,16.7566,5094,304
2023,28,548,10.7391,2.7138,72.3463,76470,1057
2023,29,766,5.829,3.8264,58.1886,104565,1797
2023,30,80,5.0,3.3246,26.8427,7167,267
2023,31,40,3.9,2.2204,17.6949,1044,59
2023,32,65,5.6,2.9946,77.2789,11360,147
2023,33,100,4.46,3.1418,60.7131,14814,244
2023,34,90,4.2778,2.213,36.3757,6293,173
2023,35,301,6.1661,3.8173,67.521,54692,810
2023,36,99,5.596,3.8239,47.0,11280,240
2023,37,165,6.097,4.3283,93.0985,44408,477
2023,38,182,5.6484,3.6989,69.3992,34769,501
2023,39,239,5.2385,2.6826,29.7674,12413,417
2023,40,66,5.9848,3.1924,79.4233,12946,163
2023,41,159,6.7107,3.9862,54.6047,23207,425
2023,42,135,7.8667,4.5654,75.5959,29558,391
2023,43,516,7.0581,4.1309,54.0925,68427,1265
2023,44,68,4.8529,3.0713,11.8218,2388,202
2023,45,145,5.3655,3.5556,59.4574,22356,376
2023,46,535,5.8449,2.5717,39.8483,32038,804
2023,47,120,6.1833,3.8521,76.598,23056,301
2023,48,23,2.9565,1.7101,16.8571,590,35
2023,49,69,4.1449,3.6402,25.1543,4402,175
2023,50,66,4.3182,2.8446,75.3469,11076,147
2023,51,112,4.8393,3.0258,46.0145,12654,275
2023,52,28,3.7857,2.2026,31.6129,1960,62
2023,53,58,4.1552,2.4267,60.124,7275,121
2023,54,69,5.7536,4.3067,24.1905,5080,210
2023,55,36,4.5,4.588,12.4095,1303,105
2023,56,139,4.7626,3.5566,32.6055,10662,327
2023,57,20,2.85,3.3875,24.5962,1279,52
2023,58,94,5.5957,3.9396,77.1799,18446,239
2023,59,84,5.1905,3.2479,85.3093,20133,236
2023,60,102,4.902,4.5025,16.9833,5078,299
2023,61,76,4.2763,2.3246,18.1963,2966,163
2023,62,112,5.75,3.1069,21.5822,4856,225
2023,63,105,5.7714,3.8594,39.7054,9569,241
2023,64,63,4.0794,1.8791,8.28,828,100
2023,65,124,3.7258,2.4035,63.6812,13182,207
2023,66,18,2.5556,1.7685,23.0,713,31
2023,67,34,3.7941,2.202,33.9138,1967,58
2023,68,110,4.5455,2.2393,22.7344,4365,192
2023,69,29,5.1034,2.8228,39.2632,1492,38
2023,70,49,5.0816,3.4359,71.0155,9161,129
2023,71,41,6.6585,3.6638,19.7391,1362,69
2023,72,86,5.7907,3.4725,32.8883,6479,197
2023,73,93,4.7204,2.1542,49.9722,7196,144
2023,74,46,6.5,4.2181,22.7679,2550,112
2023,75,37,5.7838,3.6207,102.2754,7057,69
2023,76,32,3.7812,2.3016,48.42,2421,50
2023,77,83,6.3614,3.1224,43.4731,7260,167
2023,78,27,3.7407,2.3451,14.119,593,42
2023,79,103,4.8544,2.265,53.7455,8868,165
2023,80,23,5.5652,2.1937,31.9412,1086,34
2023,81,113,5.1947,3.0176,17.9381,4054,226
2023,82,37,3.8378,2.8553,22.3977,1971,88
2023,83,95,5.6316,3.2314,21.9005,4183,191
2023,84,55,4.0364,2.4106,42.3077,3300,78
2023,85,28,4.4286,3.469,25.0,1500,60
2023,86,10,2.4,2.4667,31.44,786,25
2023,87,33,4.2121,2.1682,29.5493,2098,71
2023,88,26,2.9231,2.3846,47.3261,2177,46
2024,1,56,6.4464,1.7595,27.3385,1777,65
2024,2,69,4.942,3.6917,17.3091,3808,220
2024,3,499,5.2946,4.3443,21.5418,31451,1460
2024,4,92,4.8804,4.5191,22.3365,7036,315
2024,5,181,4.0221,3.7165,35.0807,20873,595
2024,6,149,4.5436,2.3336,29.1608,7436,255
2024,7,139,4.5036,2.6499,19.1219,5335,279
2024,8,120,3.1833,2.7928,10.0055,3612,361
2024,9,83,3.9518,3.1052,15.2981,4054,265
2024,10,251,5.8685,5.6175,56.7488,46534,820
2024,11,161,4.1429,3.0989,41.3629,16297,394
2024,12,230,4.7913,3.5939,24.0693,16680,693
2024,13,142,4.7183,4.0997,18.5902,9890,532
2024,14,76,4.3421,3.0448,12.7128,2390,188
2024,15,605,7.2099,3.9205,26.3301,38284,1454
2024,16,149,5.8456,3.9757,35.8393,14049,392
2024,17,142,5.0775,1.8052,36.9246,7348,199
2024,18,172,7.6221,1.7113,30.2488,6322,209
2024,19,310,6.6613,5.0484,24.9662,22869,916
2024,20,155,4.9419,5.3698,38.8772,22471,578
2024,21,70,3.7143,2.3709,30.0432,4867,162
2024,22,72,4.2917,4.5576,19.7834,6212,314
2024,23,17,5.1765,2.7079,14.1739,652,46
2024,24,124,4.8306,2.9944,24.8327,6978,281
2024,25,57,3.9298,2.5984,12.4451,2265,182
2024,26,290,5.5931,3.5652,18.4895,12351,668
2024,27,147,4.1429,3.0072,15.6207,4983,319
2024,28,698,10.0573,2.6761,57.5337,75024,1304
2024,29,51,3.7451,2.6863,37.64,3764,100
2024,30,876,6.0479,3.8114,52.2327,105040,2011
2024,31,2043,14.4567,2.2959,35.1145,71458,2035
2024,32,17,3.4706,2.5176,29.6471,1008,34
2024,33,138,4.7609,2.4049,17.2618,4022,233
2024,34,202,6.9356,3.8246,48.0729,23748,494
2024,35,124,4.5645,2.9751,50.0363,15161,303
2024,36,98,4.2857,2.2756,35.6882,6638,186
2024,37,365,5.5233,3.5839,66.5439,65945,991
2024,38,34,6.2647,4.4672,16.3971,1115,68
2024,39,369,7.0569,4.3917,50.7194,48082,948
2024,40,284,6.9366,3.8427,59.4341,38335,645
2024,41,277,5.8881,4.0585,75.6237,58079,768
2024,42,49,6.1224,2.1505,15.7059,1335,85
2024,43,235,5.0851,2.5164,23.9474,9555,399
2024,44,35,3.4286,2.7976,39.5432,3203,81
2024,45,70,6.0,3.191,73.3464,13129,179
2024,46,217,6.0691,3.7182,43.5844,24015,551
2024,47,205,7.1659,4.1231,63.5096,36518,575
2024,48,78,5.3205,3.5049,52.5378,11821,225
2024,49,584,6.25,2.6676,36.8617,32254,875
2024,50,87,7.3793,4.3819,93.0806,23084,248
2024,51,23,2.9565,1.7101,16.3889,590,36
2024,52,70,4.1429,3.6382,24.5667,4422,180
2024,53,42,3.881,3.1159,22.2929,2207,99
2024,54,114,4.9211,3.02,68.7846,17884,260
2024,55,48,4.1042,2.3604,39.4907,4265,108
2024,56,168,4.756,3.0214,18.2282,6471,355
2024,57,36,3.6667,2.4544,48.3085,4541,94
2024,58,229,6.3188,4.0672,62.8226,37882,603
2024,59,104,5.4904,3.4157,68.7672,15954,232
2024,60,160,6.0,3.6544,27.3458,11704,428
2024,61,91,4.2967,2.9807,23.0577,4796,208
2024,62,116,4.8362,1.7513,23.5449,4191,178
2024,63,39,4.1795,2.7073,36.3538,2363,65
2024,64,50,5.06,2.508,19.0,1615,85
2024,65,39,5.0256,4.4979,11.8909,1308,110
2024,66,46,5.8913,4.036,38.7757,4149,107
2024,67,56,4.0,2.6565,148.0903,21325,144
2024,68,20,2.85,3.3875,24.5962,1279,52
2024,69,58,4.0517,3.3187,10.7327,2168,202
2024,70,76,6.2632,3.4884,72.7803,16230,223
2024,71,238,4.6639,5.1396,41.0446,33123,807
2024,72,110,5.1,4.7463,15.0559,4848,322
2024,73,44,5.6818,2.5259,57.301,5902,103
2024,74,95,4.2,2.2653,18.9227,3917,207
2024,75,127,5.4882,3.1062,24.2545,6670,275
2024,76,113,5.5044,3.5174,53.9674,14895,276
2024,77,56,4.7321,1.9873,45.2561,3711,82
2024,78,47,3.6383,2.7041,17.5652,2020,115
2024,79,57,3.5439,2.237,34.9008,4223,121
2024,80,128,5.5781,3.6377,24.695,6396,259
2024,81,68,4.1029,1.9346,7.6126,845,111
2024,82,143,3.6643,2.0796,48.2704,11247,233
2024,83,59,6.2034,3.2047,43.7153,5989,137
2024,84,20,2.8,2.0417,21.9697,725,33
2024,85,34,3.7941,2.2137,33.05,1983,60
2024,86,29,5.1379,2.825,39.2632,1492,38
2024,87,25,3.52,1.6027,30.7667,923,30
2024,88,57,6.1754,4.0526,36.876,4757,129
2024,89,16,3.625,1.2158,56.5789,1075,19
2024,90,64,3.875,2.0012,40.5618,3610,89
2024,91,98,6.0408,3.5807,32.5905,7561,232
2024,92,26,4.3077,1.5873,7.75,248,32
2024,93,47,4.5532,1.378,37.0896,2485,67
2024,94,44,5.2955,2.557,32.5082,1983,61
2024,95,98,5.2245,3.4765,41.5045,9214,222
2024,96,40,5.925,4.2356,65.1863,6649,102
2024,97,35,6.2,3.8495,104.8209,7023,67
2024,98,79,4.1139,2.4447,35.6364,5096,143
2024,99,15,4.8667,1.2605,21.5667,647,30
2024,100,28,3.8214,2.7256,13.2174,608,46
2024,101,64,5.7031,1.9958,41.8831,3225,77
2024,102,17,2.5882,2.1373,29.2308,760,26
2024,103,23,5.6087,2.2046,31.0286,1086,35
2024,104,99,6.7273,5.7196,28.4142,7615,268
2024,105,53,4.2075,2.3978,39.987,3079,77
2024,106,62,4.7742,2.3844,25.9406,2620,101
2024,107,32,4.3125,3.6729,21.5417,1551,72
2024,108,79,6.5443,3.643,20.6879,3579,173
2024,109,39,6.2051,2.3766,28.6986,2095,73
2024,110,59,3.8983,2.5295,61.959,7559,122
2024,111,10,2.4,2.4667,31.44,786,25
2024,112,17,3.3529,1.5333,10.28,257,25
2024,113,20,9.35,1.0559,18.3333,165,9
2024,114,26,2.9615,2.3923,46.383,2180,47
2024,115,19,5.6842,2.4287,9.0417,217,24
2024,116,34,3.8529,2.0613,42.12,2106,50
2024,117,13,2.6923,0.8839,16.1176,274,17
2024,118,8,3.5,0.9524,56.8571,398,7
2024,119,14,4.2857,1.5704,19.5385,254,13
2025,1,82,4.3293,2.9785,12.4877,2535,203
2025,2,56,6.6071,1.6409,31.1475,1900,61
2025,3,79,5.0127,2.9681,14.4231,2625,182
2025,4,283,5.6431,4.9069,14.9881,11301,754
2025,5,316,4.8639,4.4154,34.8855,35339,1013
2025,6,77,5.0779,4.8602,19.844,5596,282
2025,7,159,4.1635,3.9398,31.1154,16989,546
2025,8,120,4.7083,1.8994,24.1488,4057,168
2025,9,149,4.5168,2.8681,15.4613,4793,310
2025,10,158,3.481,2.8542,9.7394,4597,472
2025,11,134,5.4104,3.4402,14.2432,6324,444
2025,12,464,5.903,3.6401,64.9344,83116,1280
2025,13,162,4.2037,3.1209,39.4813,15832,401
2025,14,400,4.8975,3.3461,25.0683,27174,1084
2025,15,78,4.2564,2.668,114.8168,23193,202
2025,16,145,4.6207,4.0996,17.9563,9858,549
2025,17,116,4.4569,3.3457,14.5672,5419,372
2025,18,267,6.2959,3.9864,33.7865,23110,684
2025,19,154,5.0844,1.7506,31.75,6731,212
2025,20,91,9.9341,1.8241,25.8333,2945,114
2025,21,1005,5.9831,5.2009,37.8531,112878,2982
2025,22,24,4.25,4.0827,20.2212,2103,104
2025,23,62,4.4516,2.0535,50.9412,5196,102
2025,24,382,8.2147,4.2356,21.7171,20110,926
2025,25,70,3.7143,2.3709,29.6768,4867,164
2025,26,86,4.1395,4.367,21.5112,7701,358
2025,27,65,3.9538,2.7201,11.6378,2281,196
2025,28,336,6.0179,3.7417,15.3037,12044,787
2025,29,184,4.4076,2.8828,15.2561,5660,371
2025,30,89,4.8989,3.2202,58.0173,13402,231
2025,31,51,3.7451,2.7255,37.2673,3764,101
2025,32,91,6.7363,3.2327,22.0432,3064,139
2025,33,72,6.4861,2.6823,36.7679,4118,112
2025,34,39,3.5897,3.3966,32.5355,5043,155
2025,35,83,4.4217,2.3356,16.0719,2234,139
2025,36,66,5.6818,3.1594,71.0613,11583,163
2025,37,135,4.5481,2.8904,49.7006,16103,324
2025,38,104,4.25,2.3212,36.33,7266,200
2025,39,906,6.1446,3.8557,50.0531,105612,2110
2025,40,579,10.7012,2.7301,54.6531,64436,1179
2025,41,37,6.1351,4.2491,15.7606,1119,71
2025,42,33,5.0909,2.3465,44.26,2213,50
2025,43,261,7.0153,4.0001,46.2248,30231,654
2025,44,23,2.7826,2.3377,13.0185,703,54
2025,45,22,3.4091,1.9078,10.7632,409,38
2025,46,220,6.3273,3.8838,52.0384,31171,599
2025,47,60,3.6833,3.2042,41.3818,6828,165
2025,48,202,6.0396,4.3013,77.9324,46136,592
2025,49,161,7.8385,4.2819,64.796,29223,451
2025,50,117,5.4701,2.9478,11.931,3806,319
2025,51,77,5.4416,3.6089,51.8158,11814,228
2025,52,667,6.6762,2.7141,33.4411,31769,950
2025,53,442,7.405,4.4857,49.9476,57240,1146
2025,54,969,16.3767,2.4565,36.2895,38612,1064
2025,55,161,6.3043,3.7937,66.6443,26791,402
2025,56,23,2.9565,1.7275,15.9459,590,37
2025,57,73,4.0959,3.5594,23.9027,4422,185
2025,58,146,4.4658,3.4237,34.9265,11875,340
2025,59,92,4.0,2.6057,39.1302,7513,192
2025,60,64,5.625,4.0044,35.381,5201,147
2025,61,131,4.7328,3.0236,37.815,12063,319
2025,62,178,7.3876,1.9362,31.1045,8927,287
2025,63,44,3.4545,2.0873,26.0577,2710,104
2025,64,217,6.5484,4.184,59.4803,34677,583
2025,65,154,5.8961,3.1305,19.8679,6318,318
2025,66,160,5.4062,3.2819,59.3178,20346,343
2025,67,77,6.013,4.4776,22.836,5709,250
2025,68,32,4.4062,3.1302,14.5763,860,59
2025,69,52,6.6538,1.8563,49.6034,2877,58
2025,70,475,17.1116,2.494,31.6823,15556,491
2025,71,128,4.8516,1.7444,22.1675,4234,191
2025,72,41,4.1707,2.6687,35.803,2363,66
2025,73,39,5.0256,4.5491,11.7838,1308,111
2025,74,41,6.1463,4.3229,40.4948,3928,97
2025,75,20,2.85,3.3875,24.5962,1279,52
2025,76,89,5.3371,3.1915,77.433,15022,194
2025,77,124,5.1452,4.7981,13.0804,4879,373
2025,78,80,4.2625,2.4434,16.9091,2976,176
2025,79,51,4.1569,3.5997,32.1849,3830,119
2025,80,127,5.6457,3.5532,49.7811,14785,297
2025,81,147,5.415,2.9709,17.757,5043,284
2025,82,70,3.7714,2.3311,30.9635,4242,137
2025,83,60,4.35,2.0515,6.8544,706,103
2025,84,23,2.8696,1.6692,11.7297,434,37
2025,85,359,5.1671,2.2098,33.9165,19095,563
2025,86,143,6.0979,3.3911,32.7438,10478,320
2025,87,104,3.9615,2.5938,59.918,10965,183
2025,88,28,3.5357,1.3284,29.9677,929,31
2025,89,20,2.8,2.0417,21.9697,725,33
2025,90,29,3.3448,2.4656,52.7213,3216,61
2025,91,49,4.3673,1.748,37.4595,2772,74
2025,92,94,11.6915,1.677,27.0,2754,102
2025,93,121,5.2975,2.4627,17.7847,3717,209
2025,94,32,5.5312,2.831,38.2564,1492,39
2025,95,93,8.3763,1.81,40.8468,4534,111
2025,96,79,5.4177,3.813,53.595,10719,200
2025,97,22,3.5455,2.4702,20.4286,1001,49
2025,98,23,3.5217,1.5645,28.9286,810,28
2025,99,186,12.9355,2.4248,35.0,8435,241
2025,100,26,3.3846,1.1104,31.2105,1186,38
2025,101,13,4.0,2.141,66.0,1188,18
2025,102,26,4.3077,1.5873,7.75,248,32
2025,103,48,4.5,1.3612,36.5588,2486,68
2025,104,44,5.2955,2.557,32.5082,1983,61
2025,105,111,5.009,3.1597,32.8289,7485,228
2025,106,34,6.3529,3.948,104.4394,6893,66
2025,107,57,4.2105,2.2564,31.2697,2783,89
2025,108,157,4.8344,3.0294,14.3583,4609,321
2025,109,33,3.9091,2.6207,56.3158,4280,76
2025,110,51,3.902,1.9714,33.0,2442,74
2025,111,28,3.8214,2.7256,13.2174,608,46
2025,112,61,5.0,1.4841,20.1918,1474,73
2025,113,56,5.9643,2.0186,47.9167,2875,60
2025,114,15,2.7333,2.1889,30.9583,743,24
2025,115,12,4.9167,1.6922,31.381,659,21
2025,116,23,5.6087,2.2046,31.0286,1086,35
2025,117,51,4.3922,2.5556,37.0886,2930,79
2025,118,67,4.7463,2.4005,25.1923,2620,104
2025,119,32,4.375,3.7667,20.9595,1551,74
2025,120,101,6.2475,3.6959,17.2087,3958,230
2025,121,21,4.8571,1.1637,31.8261,732,23
2025,122,48,4.6042,3.116,26.1172,3343,128
2025,123,20,4.2,2.4558,41.5714,1455,35
2025,124,42,8.1429,2.9157,145.5769,11355,78
2025,125,59,3.9661,2.5945,59.9921,7559,126
2025,126,17,3.3529,1.8172,12.6154,328,26
2025,127,10,2.4,2.4667,31.44,786,25
2025,128,15,4.4,1.6299,13.1111,236,18
2025,129,20,9.35,1.0559,18.3333,165,9
2025,130,13,2.6923,0.8839,16.1176,274,17
2025,131,25,5.08,1.715,12.0,240,20
2025,132,8,3.5,0.9524,56.8571,398,7
2025,133,22,5.3636,1.8301,21.8519,590,27
2025,134,14,4.2857,1.5704,19.5385,254,13
2025,135,28,3.5357,1.1149,8.102,397,49
