Year,Size
2006,6
2007,4
2007,3
2007,2
2008,3
2008,7
2008,9
2008,5
2008,2
2008,3
2008,4
2008,3
2008,2
2009,2
2009,7
2009,6
2009,13
2009,30
2009,3
2009,15
2009,10
2009,8
2009,4
2009,4
2009,4
2009,2
2009,4
2009,2
2009,6
2009,6
2009,4
2009,4
2009,4
2009,2
2009,2
2009,2
2009,4
2009,3
2010,7
2010,17
2010,51
2010,8
2010,5
2010,5
2010,2
2010,9
2010,10
2010,24
2010,10
2010,18
2010,15
2010,14
2010,3
2010,4
2010,3
2010,4
2010,4
2010,4
2010,6
2010,5
2010,2
2010,6
2010,4
2010,5
2010,4
2010,5
2010,5
2010,7
2010,7
2010,4
2010,6
2010,3
2010,6
2010,3
2010,6
2010,3
2010,3
2011,54
2011,50
2011,62
2011,30
2011,14
2011,64
2011,13
2011,103
2011,66
2011,20
2011,39
2011,18
2011,24
2011,63
2011,38
2011,57
2011,44
2011,39
2011,20
2011,17
2011,11
2011,20
2011,25
2011,25
2011,7
2011,17
2012,51
2012,62
2012,53
2012,63
2012,83
2012,135
2012,21
2012,126
2012,32
2012,20
2012,25
2012,62
2012,17
2012,85
2012,12
2012,83
2012,49
2012,69
2012,69
2012,71
2012,74
2012,35
2012,22
2012,45
2012,35
2012,37
2012,79
2012,54
2012,19
2012,17
2012,57
2012,20
2012,25
2012,20
2012,9
2012,34
2012,10
2012,10
2013,136
2013,62
2013,297
2013,56
2013,51
2013,28
2013,84
2013,113
2013,182
2013,33
2013,88
2013,34
2013,364
2013,44
2013,28
2013,128
2013,81
2013,56
2013,61
2013,67
2013,48
2013,48
2013,53
2013,10
2013,54
2013,31
2013,27
2013,53
2013,17
2013,27
2013,25
2013,16
2013,26
2013,25
2013,13
2013,14
2014,56
2014,137
2014,136
2014,85
2014,50
2014,129
2014,40
2014,75
2014,40
2014,38
2014,51
2014,173
2014,55
2014,23
2014,88
2014,47
2014,63
2014,44
2014,137
2014,58
2014,32
2014,38
2014,60
2014,48
2014,35
2014,32
2014,69
2014,15
2014,9
2014,65
2014,108
2014,40
2014,10
2014,140
2014,60
2014,79
2014,83
2014,98
2014,32
2014,43
2014,69
2014,50
2014,29
2014,20
2014,19
2014,56
2014,16
2014,57
2014,67
2014,23
2014,28
2014,11
2014,26
2014,17
2014,29
2014,32
2014,53
2014,22
2014,30
2015,73
2015,857
2015,267
2015,118
2015,147
2015,98
2015,40
2015,64
2015,41
2015,128
2015,236
2015,31
2015,118
2015,153
2015,24
2015,53
2015,51
2015,151
2015,124
2015,45
2015,44
2015,64
2015,70
2015,78
2015,51
2015,18
2015,78
2015,26
2015,58
2015,17
2015,60
2015,9
2015,18
2015,124
2015,23
2015,26
2015,65
2015,130
2015,101
2015,20
2015,52
2015,8
2015,63
2015,35
2015,24
2015,8
2015,16
2015,23
2015,32
2015,23
2015,16
2015,31
2015,13
2016,210
2016,173
2016,100
2016,178
2016,25
2016,144
2016,88
2016,317
2016,44
2016,74
2016,155
2016,421
2016,16
2016,61
2016,133
2016,53
2016,171
2016,150
2016,82
2016,100
2016,60
2016,38
2016,75
2016,75
2016,69
2016,27
2016,33
2016,98
2016,55
2016,16
2016,56
2016,59
2016,111
2016,41
2016,23
2016,47
2016,43
2016,62
2016,66
2016,32
2016,62
2016,45
2016,66
2016,59
2016,34
2016,20
2016,111
2016,20
2016,56
2016,29
2016,20
2016,50
2016,18
2016,88
2016,56
2016,26
2016,59
2016,59
2016,49
2016,23
2016,54
2016,24
2016,40
2016,56
2016,16
2016,15
2016,22
2016,45
2016,20
2016,32
2016,19
2016,21
2016,23
2016,22
2016,13
2016,12
2017,285
2017,196
2017,60
2017,119
2017,70
2017,25
2017,349
2017,160
2017,474
2017,52
2017,63
2017,124
2017,334
2017,131
2017,49
2017,72
2017,35
2017,144
2017,40
2017,145
2017,151
2017,23
2017,53
2017,35
2017,63
2017,113
2017,52
2017,74
2017,86
2017,78
2017,42
2017,35
2017,44
2017,36
2017,59
2017,16
2017,47
2017,39
2017,98
2017,135
2017,43
2017,28
2017,64
2017,14
2017,29
2017,16
2017,49
2017,22
2017,22
2017,36
2017,21
2017,28
2017,84
2017,95
2017,40
2017,103
2017,58
2017,35
2017,80
2017,66
2017,72
2017,55
2017,36
2017,58
2017,16
2017,20
2017,53
2017,67
2017,20
2017,17
2017,60
2017,13
2017,29
2017,51
2017,19
2017,24
2017,27
2017,29
2017,25
2017,21
2017,25
2017,21
2017,39
2017,44
2017,24
2017,19
2017,23
2017,10
2017,13
2017,15
2017,20
2017,13
2018,153
2018,141
2018,69
2018,74
2018,63
2018,52
2018,194
2018,69
2018,156
2018,35
2018,53
2018,39
2018,57
2018,274
2018,148
2018,76
2018,197
2018,23
2018,60
2018,71
2018,50
2018,46
2018,30
2018,18
2018,176
2018,59
2018,195
2018,25
2018,43
2018,9
2018,75
2018,57
2018,77
2018,152
2018,25
2018,70
2018,279
2018,72
2018,171
2018,13
2018,190
2018,98
2018,63
2018,79
2018,13
2018,260
2018,196
2018,429
2018,50
2018,47
2018,62
2018,41
2018,38
2018,15
2018,86
2018,48
2018,27
2018,99
2018,79
2018,45
2018,37
2018,37
2018,241
2018,76
2018,25
2018,25
2018,30
2018,54
2018,29
2018,43
2018,29
2018,72
2018,31
2018,46
2018,20
2018,114
2018,39
2018,23
2018,25
2018,16
2018,20
2018,12
2018,18
2018,14
2018,14
2018,83
2018,53
2018,32
2018,63
2018,31
2018,34
2018,20
2018,33
2018,35
2018,20
2018,16
2018,20
2018,34
2019,271
2019,154
2019,79
2019,55
2019,73
2019,117
2019,89
2019,80
2019,99
2019,54
2019,109
2019,43
2019,97
2019,105
2019,300
2019,116
2019,86
2019,522
2019,23
2019,86
2019,151
2019,56
2019,18
2019,126
2019,72
2019,46
2019,59
2019,67
2019,54
2019,108
2019,30
2019,67
2019,236
2019,247
2019,127
2019,20
2019,122
2019,23
2019,240
2019,77
2019,60
2019,179
2019,229
2019,13
2019,34
2019,215
2019,473
2019,47
2019,49
2019,44
2019,48
2019,36
2019,55
2019,10
2019,30
2019,27
2019,77
2019,49
2019,49
2019,32
2019,59
2019,40
2019,44
2019,259
2019,83
2019,29
2019,45
2019,79
2019,18
2019,86
2019,21
2019,32
2019,118
2019,32
2019,71
2019,129
2019,39
2019,29
2019,20
2019,27
2019,20
2019,51
2019,20
2019,27
2019,15
2019,15
2019,103
2019,55
2019,91
2019,22
2019,40
2019,25
2019,25
2019,36
2019,44
2019,17
2019,25
2019,14
2019,23
2019,35
2019,17
2019,20
2019,22
2019,8
2020,217
2020,179
2020,139
2020,62
2020,116
2020,334
2020,85
2020,79
2020,47
2020,84
2020,212
2020,54
2020,60
2020,44
2020,103
2020,121
2020,135
2020,527
2020,41
2020,145
2020,77
2020,73
2020,68
2020,33
2020,18
2020,158
2020,69
2020,93
2020,94
2020,125
2020,59
2020,59
2020,177
2020,90
2020,66
2020,295
2020,189
2020,20
2020,179
2020,223
2020,258
2020,96
2020,52
2020,113
2020,114
2020,242
2020,51
2020,43
2020,530
2020,143
2020,109
2020,59
2020,52
2020,118
2020,23
2020,48
2020,23
2020,24
2020,104
2020,27
2020,65
2020,81
2020,274
2020,76
2020,33
2020,133
2020,63
2020,19
2020,50
2020,46
2020,46
2020,31
2020,56
2020,33
2020,38
2020,104
2020,51
2020,37
2020,172
2020,36
2020,24
2020,14
2020,36
2020,30
2020,23
2020,41
2020,23
2020,18
2020,48
2020,52
2020,17
2020,41
2020,24
2020,27
2020,81
2020,23
2020,39
2020,17
2020,11
2020,36
2020,41
2020,17
2020,27
2020,23
2020,35
2020,31
2020,20
2020,24
2020,22
2020,12
2021,84
2021,218
2021,201
2021,81
2021,87
2021,72
2021,90
2021,120
2021,207
2021,90
2021,308
2021,67
2021,173
2021,54
2021,106
2021,79
2021,349
2021,69
2021,149
2021,159
2021,230
2021,48
2021,171
2021,36
2021,57
2021,100
2021,83
2021,121
2021,71
2021,47
2021,134
2021,131
2021,67
2021,39
2021,138
2021,79
2021,89
2021,719
2021,245
2021,277
2021,23
2021,59
2021,167
2021,137
2021,148
2021,155
2021,202
2021,328
2021,90
2021,394
2021,697
2021,96
2021,22
2021,58
2021,80
2021,171
2021,57
2021,112
2021,24
2021,119
2021,74
2021,78
2021,251
2021,33
2021,64
2021,68
2021,20
2021,45
2021,100
2021,36
2021,45
2021,18
2021,61
2021,28
2021,55
2021,55
2021,65
2021,53
2021,34
2021,30
2021,136
2021,16
2021,41
2021,46
2021,31
2021,34
2021,28
2021,10
2021,102
2021,52
2021,14
2021,43
2021,105
2021,23
2021,31
2021,27
2021,22
2021,29
2021,43
2021,30
2021,36
2021,17
2021,24
2021,25
2021,35
2021,33
2021,27
2021,15
2021,9
2021,18
2022,50
2022,245
2022,178
2022,62
2022,100
2022,523
2022,91
2022,69
2022,109
2022,93
2022,254
2022,47
2022,60
2022,135
2022,69
2022,105
2022,98
2022,132
2022,166
2022,274
2022,40
2022,193
2022,47
2022,112
2022,70
2022,124
2022,39
2022,197
2022,88
2022,386
2022,52
2022,133
2022,73
2022,68
2022,39
2022,56
2022,193
2022,128
2022,590
2022,267
2022,22
2022,76
2022,54
2022,325
2022,72
2022,169
2022,62
2022,217
2022,56
2022,116
2022,383
2022,210
2022,82
2022,432
2022,1063
2022,109
2022,22
2022,59
2022,113
2022,41
2022,107
2022,29
2022,60
2022,120
2022,81
2022,329
2022,39
2022,34
2022,76
2022,68
2022,20
2022,75
2022,208
2022,91
2022,71
2022,38
2022,102
2022,84
2022,20
2022,71
2022,18
2022,32
2022,82
2022,29
2022,31
2022,54
2022,101
2022,28
2022,71
2022,54
2022,37
2022,16
2022,16
2022,68
2022,22
2022,69
2022,35
2022,32
2022,35
2022,28
2022,20
2022,56
2022,20
2022,55
2022,23
2022,31
2022,47
2022,28
2022,31
2022,53
2022,36
2022,72
2022,20
2022,41
2022,31
2022,47
2022,9
2022,7
2023,62
2023,291
2023,209
2023,427
2023,180
2023,54
2023,100
2023,75
2023,308
2023,151
2023,276
2023,57
2023,31
2023,154
2023,82
2023,101
2023,243
2023,311
2023,2262
2023,745
2023,289
2023,65
2023,54
2023,179
2023,71
2023,246
2023,147
2023,548
2023,766
2023,80
2023,40
2023,65
2023,100
2023,90
2023,301
2023,99
2023,165
2023,182
2023,239
2023,66
2023,159
2023,135
2023,516
2023,68
2023,145
2023,535
2023,120
2023,23
2023,69
2023,66
2023,112
2023,28
2023,58
2023,69
2023,36
2023,139
2023,20
2023,94
2023,84
2023,102
2023,76
2023,112
2023,105
2023,63
2023,124
2023,18
2023,34
2023,110
2023,29
2023,49
2023,41
2023,86
2023,93
2023,46
2023,37
2023,32
2023,83
2023,27
2023,103
2023,23
2023,113
2023,37
2023,95
2023,55
2023,28
2023,10
2023,33
2023,26
2024,56
2024,69
2024,499
2024,92
2024,181
2024,149
2024,139
2024,120
2024,83
2024,251
2024,161
2024,230
2024,142
2024,76
2024,605
2024,149
2024,142
2024,172
2024,310
2024,155
2024,70
2024,72
2024,17
2024,124
2024,57
2024,290
2024,147
2024,698
2024,51
2024,876
2024,2043
2024,17
2024,138
2024,202
2024,124
2024,98
2024,365
2024,34
2024,369
2024,284
2024,277
2024,49
2024,235
2024,35
2024,70
2024,217
2024,205
2024,78
2024,584
2024,87
2024,23
2024,70
2024,42
2024,114
2024,48
2024,168
2024,36
2024,229
2024,104
2024,160
2024,91
2024,116
2024,39
2024,50
2024,39
2024,46
2024,56
2024,20
2024,58
2024,76
2024,238
2024,110
2024,44
2024,95
2024,127
2024,113
2024,56
2024,47
2024,57
2024,128
2024,68
2024,143
2024,59
2024,20
2024,34
2024,29
2024,25
2024,57
2024,16
2024,64
2024,98
2024,26
2024,47
2024,44
2024,98
2024,40
2024,35
2024,79
2024,15
2024,28
2024,64
2024,17
2024,23
2024,99
2024,53
2024,62
2024,32
2024,79
2024,39
2024,59
2024,10
2024,17
2024,20
2024,26
2024,19
2024,34
2024,13
2024,8
2024,14
2025,82
2025,56
2025,79
2025,283
2025,316
2025,77
2025,159
2025,120
2025,149
2025,158
2025,134
2025,464
2025,162
2025,400
2025,78
2025,145
2025,116
2025,267
2025,154
2025,91
2025,1005
2025,24
2025,62
2025,382
2025,70
2025,86
2025,65
2025,336
2025,184
2025,89
2025,51
2025,91
2025,72
2025,39
2025,83
2025,66
2025,135
2025,104
2025,906
2025,579
2025,37
2025,33
2025,261
2025,23
2025,22
2025,220
2025,60
2025,202
2025,161
2025,117
2025,77
2025,667
2025,442
2025,969
2025,161
2025,23
2025,73
2025,146
2025,92
2025,64
2025,131
2025,178
2025,44
2025,217
2025,154
2025,160
2025,77
2025,32
2025,52
2025,475
2025,128
2025,41
2025,39
2025,41
2025,20
2025,89
2025,124
2025,80
2025,51
2025,127
2025,147
2025,70
2025,60
2025,23
2025,359
2025,143
2025,104
2025,28
2025,20
2025,29
2025,49
2025,94
2025,121
2025,32
2025,93
2025,79
2025,22
2025,23
2025,186
2025,26
2025,13
2025,26
2025,48
2025,44
2025,111
2025,34
2025,57
2025,157
2025,33
2025,51
2025,28
2025,61
2025,56
2025,15
2025,12
2025,23
2025,51
2025,67
2025,32
2025,101
2025,21
2025,48
2025,20
2025,42
2025,59
2025,17
2025,10
2025,15
2025,20
2025,13
2025,25
2025,8
2025,22
2025,14
2025,28
